text_type;text;item_type;category
header ;Lista słów używanych przez dziecko ;word;
wordBtn ;Wyrazy;word;
longText;"Dzieci rozumieją znacznie więcej słów niż same używają w mowie. Ten kwestionariusz dotyczy tylko tych słów, które Państwa dziecko spontanicznie mówi. Nie chodzi o to, co dziecko jest w stanie powtórzyć, ale o słowa, których samo z siebie używa. Proszę uważnie przeczytać listę wyrazów i zaznaczyć te z nich, które słyszeli Państwo od swego dziecka. Jeżeli dziecko używa nieco innej formy, np. mówi „piesek”, a nie „pies”, proszę mimo to postawić znaczek przy słowie „pies”. Tak samo należy postąpić, jeśli dziecko wymawia jakieś słowo inaczej (np. „lybka” zamiast „rybka” lub „wiójka” zamiast „wiewiórka”). Proszę takie słowo także zaznaczyć, można też wpisać brzmienie wyrazu w takiej formie, w jakiej dziecko go używa, w polu na uwagi. Czasami dzieci wymyślają własne wyrazy, np. „dzi” zamiast „piłka”; także taką formę należy potraktować jako wyraz i zaznaczyć słowo „piłka”, wpisując dodatkowo „dzi” w polu na uwagi. Podobnie, jeśli w rodzinie funkcjonuje inne określenie niż podane w kwestionariuszu, proszę zaznaczyć odpowiednią pozycję i dopisać w polu na uwagi właściwe określenie. Wszelkie wątpliwości można również wpisywać w polu na uwagi.";word;firstPage
warning;UWAGA: Kwestionariusz przeznaczony jest dla dzieci w różnym wieku. Proszę się nie martwić, jeśli Państwa dziecko jeszcze nie używa wszystkich słów, o które pytamy. ;word;firstPage
catHeader;Miejsca;word;places
catHeader;Odgłosy i wykrzykniki;word;sounds
alternativesBtn;Przykłady wypowiedzi;alternatives;
header;Przykłady wypowiedzi;alternatives;
longText;W przykładach, które tu zebraliśmy, nie pytamy o konkretne słowa (Państwa dziecko może na przykład znać inne nazwy owoców niż zaproponowane przez nas). Nie interesują nas też błędy, które Państwa dziecko może popełniać, używając wyrażeń, których przykłady tu zamieszczamy. Np. jeśli Państwa dziecko mówi „w kubeku”, a my pytamy, czy używa form takich jak „w kubku”, proszę odpowiedzieć TAK! Podobnie, jeśli pytamy, czy Państwa dziecko dodaje „-bym” do czasowników, proszę odpowiedzieć twierdząco, jeśli Państwa dziecko mówi np. „chciałambym”. Takie błędy są zupełnie naturalne w mowie dzieci i świadczą o jej rozwoju. ;alternatives;firstPage
warning; Prosimy nie przejmować się, jeśli odpowiadając na nasze pytania pomyślą Państwo, że Państwa dziecko „źle” wypada. Pytamy tutaj o rzeczy, które pojawiają się w mowie dzieci w różnym wieku, i tak naprawdę dopiero chcemy ustalić, o co i w jakim wieku dziecka warto pytać. Oraz jak! Z tego właśnie powodu, jeżeli będą Państwo mieli jakiekolwiek uwagi do naszych pytań, przykładów i instrukcji, bardzo prosimy o wpisywanie ich w okienkach na dole każdej strony. Państwa uwagi, szczególnie te krytyczne, bardzo nam pomogą.;alternatives;firstPage
instr;"Poniżej znajdują się przykłady wypowiedzi, które dzieci mogą tworzyć w różnym wieku. Ułożyliśmy je parami: w każdej parze jedna wersja jest mniej, a druga bardziej złożona. Proszę zaznaczyć wersję, która przypomina wypowiedzi Państwa dziecka. Nie chodzi nam o dokładnie takie sformułowania, jakich użyliśmy w przykładach. Również wyrazy używane przez Państwa dziecko mogą być inne (mogą też występować w nich błędy, np. ""kubeku"" zamiast ""kubku"" lub ""dałambym"" zamiast ""dałabym""). Jeżeli obie wersje przypominają wypowiedzi Państwa dziecka, mogą Państwo zaznaczyć obie, a jeśli Państwa dziecko jeszcze w ogóle nie tworzy takich wypowiedzi, proszę nie zaznaczać żadnej z nich.";alternatives;grupa1
instr;"Poniżej znajdują się przykłady wypowiedzi, które dzieci mogą tworzyć w różnym wieku. Ułożyliśmy je parami: w każdej parze jedna wersja jest mniej, a druga bardziej złożona. Proszę zaznaczyć wersję, która przypomina wypowiedzi Państwa dziecka. Nie chodzi nam o dokładnie takie sformułowania, jakich użyliśmy w przykładach. Również wyrazy używane przez Państwa dziecko mogą być inne (mogą też występować w nich błędy, np. ""kubeku"" zamiast ""kubku"" lub ""dałambym"" zamiast ""dałabym""). Jeżeli obie wersje przypominają wypowiedzi Państwa dziecka, mogą Państwo zaznaczyć obie, a jeśli Państwa dziecko jeszcze w ogóle nie tworzy takich wypowiedzi, proszę nie zaznaczać żadnej z nich.";alternatives;grupa2
instr;"Poniżej znajdują się przykłady wypowiedzi, które dzieci mogą tworzyć w różnym wieku. Ułożyliśmy je parami: w każdej parze jedna wersja jest mniej, a druga bardziej złożona. Proszę zaznaczyć wersję, która przypomina wypowiedzi Państwa dziecka. Nie chodzi nam o dokładnie takie sformułowania, jakich użyliśmy w przykładach. Również wyrazy używane przez Państwa dziecko mogą być inne (mogą też występować w nich błędy, np. ""kubeku"" zamiast ""kubku"" lub ""dałambym"" zamiast ""dałabym""). Jeżeli obie wersje przypominają wypowiedzi Państwa dziecka, mogą Państwo zaznaczyć obie, a jeśli Państwa dziecko jeszcze w ogóle nie tworzy takich wypowiedzi, proszę nie zaznaczać żadnej z nich.";alternatives;grupa3
instr;"Poniżej znajdują się przykłady wypowiedzi, które dzieci mogą tworzyć w różnym wieku. Ułożyliśmy je parami: w każdej parze jedna wersja jest mniej, a druga bardziej złożona. Proszę zaznaczyć wersję, która przypomina wypowiedzi Państwa dziecka. Nie chodzi nam o dokładnie takie sformułowania, jakich użyliśmy w przykładach. Również wyrazy używane przez Państwa dziecko mogą być inne (mogą też występować w nich błędy, np. ""kubeku"" zamiast ""kubku"" lub ""dałambym"" zamiast ""dałabym""). Jeżeli obie wersje przypominają wypowiedzi Państwa dziecka, mogą Państwo zaznaczyć obie, a jeśli Państwa dziecko jeszcze w ogóle nie tworzy takich wypowiedzi, proszę nie zaznaczać żadnej z nich.";alternatives;grupa4
yesNoBtn;Dodatkowe pytania;yesNo;wprost
header;Dodatkowe pytania;yesNo;wprost
choiceNames;Tak, Nie;yesNo;wprost
instr;Dziękujemy! Poniżej znajdą Państwo jeszcze listę pytań dotyczących tego, jak Państwa dziecko posługuje się językiem. Odpowiadając na nie, proszę pamiętać, że pytamy o rzeczy, które mogą pojawiać się w różnym wieku, a w dodatku dzieci rozwijają się w różnym tempie: proszę się nie martwić, jeśli na większość tych pytań odpowiedzą Państwo przecząco. Proszę się też nie przejmować, jeśli Państwa dziecko popełnia błędy. Np. jeśli mówi „w kubeku”, a my pytamy, czy używa form takich jak „w kubku”, proszę odpowiedzieć TAK! Podobnie, jeśli pytamy, czy Państwa dziecko dodaje „-bym” do czasowników, proszę odpowiedzieć twierdząco, jeśli Państwa dziecko mówi np. „chciałambym”.;yesNo;wprost
cdiNameSufix;Typowe wypowiedzi dzieci w wieku 3-4 lat;;
cdiNamePrefix;CDI-III-Badanie pilotażowe;;
instr;Bardzo dziękujemy za wypełnienie kwestionariusza!;postEnd;
instr;Bardzo dziękujemy za wypełnienie kwestionariusza!;postEndSW;
