item,a1,d,question,group,id
gę gę,1.23157250053406,0.405586543680177,ODGŁOSY I WYKRZYKNIKI: Czy dziecko mówi...,mowa,item_1
hau hau,1.35410381819425,2.89081167841174,ODGŁOSY I WYKRZYKNIKI: Czy dziecko mówi...,mowa,item_2
ko ko ko,1.22863084755515,2.12689987047838,ODGŁOSY I WYKRZYKNIKI: Czy dziecko mówi...,mowa,item_3
kwa kwa,1.52972299313975,1.49609639400431,ODGŁOSY I WYKRZYKNIKI: Czy dziecko mówi...,mowa,item_4
mee/bee,1.2998552489283,1.64154149084416,ODGŁOSY I WYKRZYKNIKI: Czy dziecko mówi...,mowa,item_6
muu [krowa],1.38386054266854,2.47832235240016,ODGŁOSY I WYKRZYKNIKI: Czy dziecko mówi...,mowa,item_7
pi pi pi/ćwir ćwir,1.12732459070274,0.71567797960199,ODGŁOSY I WYKRZYKNIKI: Czy dziecko mówi...,mowa,item_8
bam/bum/bęc,0.755379752480492,1.38627214978801,ODGŁOSY I WYKRZYKNIKI: Czy dziecko mówi...,mowa,item_9
brrum brrum [auto],0.818216498585721,1.58211436817388,ODGŁOSY I WYKRZYKNIKI: Czy dziecko mówi...,mowa,item_10
tik tak,1.58522308139194,0.771948139023492,ODGŁOSY I WYKRZYKNIKI: Czy dziecko mówi...,mowa,item_11
tralala/lalala,1.1367935468205,0.840379322087945,ODGŁOSY I WYKRZYKNIKI: Czy dziecko mówi...,mowa,item_12
miś/niedźwiedź,2.42460955825549,1.21474723018011,ZWIERZĘTA – PRAWDZIWE LUB ZABAWKOWE: Czy dziecko mówi...,mowa,item_32
auto/samochód,2.7955386145676,3.88211520737456,POJAZDY – PRAWDZIWE LUB ZABAWKOWE: Czy dziecko mówi...,mowa,item_56
motor/motocykl,3.06807646590507,0.501412283035098,POJAZDY – PRAWDZIWE LUB ZABAWKOWE: Czy dziecko mówi...,mowa,item_62
pogotowie/karetka,2.01471119001283,-0.275249507467665,POJAZDY – PRAWDZIWE LUB ZABAWKOWE: Czy dziecko mówi...,mowa,item_64
guma do żucia,2.19973544263075,-0.85074486765087,POKARMY I NAPOJE: Czy dziecko mówi...,mowa,item_88
jedzenie/papu/am,1.87944241276883,1.6900544860478,POKARMY I NAPOJE: Czy dziecko mówi...,mowa,item_92
kanapka/kromka,3.85380646991615,-0.284550671104511,POKARMY I NAPOJE: Czy dziecko mówi...,mowa,item_95
makaron/kluski,4.54320043487877,-0.105361558433588,POKARMY I NAPOJE: Czy dziecko mówi...,mowa,item_105
masło/margaryna,4.51263165024786,-0.463076443889585,POKARMY I NAPOJE: Czy dziecko mówi...,mowa,item_108
parówka/kiełbaska,4.25199362415201,0.57161549922098,POKARMY I NAPOJE: Czy dziecko mówi...,mowa,item_116
ziemniaki/kartofle,4.57803995716646,-0.0954329381299012,POKARMY I NAPOJE: Czy dziecko mówi...,mowa,item_134
kartka/papier,4.97599832087568,0.144825009695836,ZABAWKI: Czy dziecko mówi...,mowa,item_140
pisak/długopis,3.33934874860954,0.220962034771546,ZABAWKI: Czy dziecko mówi...,mowa,item_149
kalosze/gumowce,4.05399638179343,-0.397851497446268,UBRANIA: Czy dziecko mówi...,mowa,item_159
pantofle/kapcie,3.39334372276099,-0.316904375015421,UBRANIA: Czy dziecko mówi...,mowa,item_165
pieluszka/pampers,3.68653585056561,0.851070964711552,UBRANIA: Czy dziecko mówi...,mowa,item_167
rajstopy/rajtuzy,4.18875930554141,-0.572003557780157,UBRANIA: Czy dziecko mówi...,mowa,item_169
paznokcie/pazurki,5.30716264463763,-0.912433982885304,CZĘŚCI CIAŁA: Czy dziecko mówi...,mowa,item_192
firanka/zasłona,3.93016715752718,-1.32952524065779,"W DOMU: POMIESZCZENIA, SPRZĘTY, MEBLE: Czy dziecko mówi...",mowa,item_208
korytarz/przedpokój,3.8636706878234,-2.30118086023428,"W DOMU: POMIESZCZENIA, SPRZĘTY, MEBLE: Czy dziecko mówi...",mowa,item_210
półka/regał,4.54439499240553,-2.12363301802578,"W DOMU: POMIESZCZENIA, SPRZĘTY, MEBLE: Czy dziecko mówi...",mowa,item_221
ubikacja/ustęp,3.31503745091076,-0.947153215258901,"W DOMU: POMIESZCZENIA, SPRZĘTY, MEBLE: Czy dziecko mówi...",mowa,item_232
aparat/kamera,3.73422392853551,-0.984686781247025,PRZEDMIOTY DOMOWEGO UŻYTKU: Czy dziecko mówi...,mowa,item_235
koc/kołdra,4.26217852772089,0.935428223242542,PRZEDMIOTY DOMOWEGO UŻYTKU: Czy dziecko mówi...,mowa,item_244
lekarstwa/tabletki,4.43339823425637,-1.10807952872208,PRZEDMIOTY DOMOWEGO UŻYTKU: Czy dziecko mówi...,mowa,item_248
szczoteczka do zębów,4.32316222819522,-0.0294287011730783,PRZEDMIOTY DOMOWEGO UŻYTKU: Czy dziecko mówi...,mowa,item_268
szmata/ścierka,4.72123169683743,-1.57019162623517,PRZEDMIOTY DOMOWEGO UŻYTKU: Czy dziecko mówi...,mowa,item_271
telefon/komórka,3.52222854076461,1.47928940975639,PRZEDMIOTY DOMOWEGO UŻYTKU: Czy dziecko mówi...,mowa,item_275
zdjęcie/fotografia,5.08852649276884,-0.642370775712552,PRZEDMIOTY DOMOWEGO UŻYTKU: Czy dziecko mówi...,mowa,item_280
kijek/patyk,4.46944389039043,0.0868626335872396,NA DWORZE: Czy dziecko mówi...,mowa,item_295
piasek/piaskownica,5.51860787810231,0.654046827990695,NA DWORZE: Czy dziecko mówi...,mowa,item_303
imieniny/urodziny,4.00909285456145,-1.50832109855472,"MIEJSCA, GDZIE MOŻNA PÓJŚĆ: Czy dziecko mówi...",mowa,item_316
na dwór/na pole,3.33241199770145,0.659387972813032,"MIEJSCA, GDZIE MOŻNA PÓJŚĆ: Czy dziecko mówi...",mowa,item_321
park/ogród,3.98545717673173,-1.10919637299903,"MIEJSCA, GDZIE MOŻNA PÓJŚĆ: Czy dziecko mówi...",mowa,item_322
szkoła/przedszkole,4.04349907265398,0.10360632582828,"MIEJSCA, GDZIE MOŻNA PÓJŚĆ: Czy dziecko mówi...",mowa,item_329
doktor/lekarz,5.31405349652828,0.0926234773436356,OSOBY: Czy dziecko mówi...,mowa,item_336
dziadek/dziadzio,2.08391321127121,2.57624673772638,OSOBY: Czy dziecko mówi...,mowa,item_337
dzidzi/dzidziuś,1.84623647892811,1.92132311814726,OSOBY: Czy dziecko mówi...,mowa,item_338
imię zwierzątka,2.13418921929198,0.131927868021559,OSOBY: Czy dziecko mówi...,mowa,item_343
kolega/koleżanka,4.48933775476879,-1.33706897865792,OSOBY: Czy dziecko mówi...,mowa,item_344
król/królewna,4.25490451534373,-1.33343542847066,OSOBY: Czy dziecko mówi...,mowa,item_346
mama/mamusia,1.21454455283567,3.69998587026337,OSOBY: Czy dziecko mówi...,mowa,item_349
tata/tatuś,1.41445764952813,3.57584290564493,OSOBY: Czy dziecko mówi...,mowa,item_355
własne imię dziecka,2.33453153973825,1.54530925132467,OSOBY: Czy dziecko mówi...,mowa,item_356
dzień dobry,3.72064771396242,0.498416930961228,"FORMUŁY, ZABAWY, RUTYNOWE CZYNNOŚCI: Czy dziecko mówi...",mowa,item_359
do widzenia,3.37392801296482,0.342482177905384,"FORMUŁY, ZABAWY, RUTYNOWE CZYNNOŚCI: Czy dziecko mówi...",mowa,item_360
"pa, pa",1.52225324605758,3.84540928413533,"FORMUŁY, ZABAWY, RUTYNOWE CZYNNOŚCI: Czy dziecko mówi...",mowa,item_366
siusiu/siku/sisi,2.29199878439977,2.68589224113192,"FORMUŁY, ZABAWY, RUTYNOWE CZYNNOŚCI: Czy dziecko mówi...",mowa,item_372
kosi-kosi łapci,1.57498077774515,0.47485044456462,"FORMUŁY, ZABAWY, RUTYNOWE CZYNNOŚCI: Czy dziecko mówi...",mowa,item_374
idzie rak nieborak,2.49924253917162,-0.167520722885259,"FORMUŁY, ZABAWY, RUTYNOWE CZYNNOŚCI: Czy dziecko mówi...",mowa,item_375
sroczka kaszkę warzyła,1.73503681546854,-0.698298937187783,"FORMUŁY, ZABAWY, RUTYNOWE CZYNNOŚCI: Czy dziecko mówi...",mowa,item_376
cacy/cacany,1.05565191936029,-0.0873186100029455,NAZWY CECH: PRZYMIOTNIKI: Czy dziecko mówi...,mowa,item_381
piękny/śliczny,4.09086648792024,-1.52381375103794,NAZWY CECH: PRZYMIOTNIKI: Czy dziecko mówi...,mowa,item_401
boso/na bosaka,3.3622462702429,-0.27887454992433,NAZWY CECH: PRZYSŁÓWKI: Czy dziecko mówi...,mowa,item_410
prędko/szybko,4.80792022243786,-0.367591557582698,NAZWY CECH: PRZYSŁÓWKI: Czy dziecko mówi...,mowa,item_421
bać się,3.57155429565012,0.414238373984967,NAZWY CZYNNOŚCI: CZASOWNIKI: Czy dziecko mówi...,mowa,item_423
bawić się,5.45796580021667,1.34019451888043,NAZWY CZYNNOŚCI: CZASOWNIKI: Czy dziecko mówi...,mowa,item_424
biec/biegać,5.77699933535492,0.26930506444301,NAZWY CZYNNOŚCI: CZASOWNIKI: Czy dziecko mówi...,mowa,item_426
być (jest),3.04870412428586,-0.0174473009962934,NAZWY CZYNNOŚCI: CZASOWNIKI: Czy dziecko mówi...,mowa,item_429
chodzić (chodź),3.71023602418822,1.03893769684973,NAZWY CZYNNOŚCI: CZASOWNIKI: Czy dziecko mówi...,mowa,item_432
cieszyć się,4.76734951767335,-1.12386121125303,NAZWY CZYNNOŚCI: CZASOWNIKI: Czy dziecko mówi...,mowa,item_434
huśtać/bujać się,3.29869270152579,0.86401823482529,NAZWY CZYNNOŚCI: CZASOWNIKI: Czy dziecko mówi...,mowa,item_448
iść/pójść,3.19258243314058,1.4304331070533,NAZWY CZYNNOŚCI: CZASOWNIKI: Czy dziecko mówi...,mowa,item_449
jechać/jeździć,3.98850372819308,0.90102241661467,NAZWY CZYNNOŚCI: CZASOWNIKI: Czy dziecko mówi...,mowa,item_450
kąpać się,3.97838816936046,1.2321953329653,NAZWY CZYNNOŚCI: CZASOWNIKI: Czy dziecko mówi...,mowa,item_452
kłaść/położyć,4.48290600117835,-0.640195439997834,NAZWY CZYNNOŚCI: CZASOWNIKI: Czy dziecko mówi...,mowa,item_453
krzyczeć/wołać,5.7420168021786004,-0.919336393590871,NAZWY CZYNNOŚCI: CZASOWNIKI: Czy dziecko mówi...,mowa,item_456
lecieć/latać,4.56765976151962,-1.20627503963953,NAZWY CZYNNOŚCI: CZASOWNIKI: Czy dziecko mówi...,mowa,item_459
mieć (ma),2.08816906938114,0.797816564824745,NAZWY CZYNNOŚCI: CZASOWNIKI: Czy dziecko mówi...,mowa,item_463
móc (może),4.11598765351722,-1.13415899646993,NAZWY CZYNNOŚCI: CZASOWNIKI: Czy dziecko mówi...,mowa,item_465
mówić/powiedzieć,5.68167596036746,-0.949475413440119,NAZWY CZYNNOŚCI: CZASOWNIKI: Czy dziecko mówi...,mowa,item_466
musieć (musi),4.8314322005791,-1.42513981748417,NAZWY CZYNNOŚCI: CZASOWNIKI: Czy dziecko mówi...,mowa,item_467
myć (się),3.4258238040011,1.27279960691579,NAZWY CZYNNOŚCI: CZASOWNIKI: Czy dziecko mówi...,mowa,item_468
naprawiać/reperować,4.83566257530922,-1.63234326450172,NAZWY CZYNNOŚCI: CZASOWNIKI: Czy dziecko mówi...,mowa,item_470
nazywać się,4.78664582006986,-1.51537376487759,NAZWY CZYNNOŚCI: CZASOWNIKI: Czy dziecko mówi...,mowa,item_471
nieść/nosić,5.34963058699535,-1.59811835198137,NAZWY CZYNNOŚCI: CZASOWNIKI: Czy dziecko mówi...,mowa,item_472
obudzić (się),5.81069781599687,-0.804300709684168,NAZWY CZYNNOŚCI: CZASOWNIKI: Czy dziecko mówi...,mowa,item_473
oglądać/obejrzeć,5.8449655073480304,-0.370298280226449,NAZWY CZYNNOŚCI: CZASOWNIKI: Czy dziecko mówi...,mowa,item_474
palić (się),3.59372103772784,-1.31764300914427,NAZWY CZYNNOŚCI: CZASOWNIKI: Czy dziecko mówi...,mowa,item_477
patrzeć (patrz),4.31238940514786,-0.516065944497163,NAZWY CZYNNOŚCI: CZASOWNIKI: Czy dziecko mówi...,mowa,item_478
podobać się,5.18332593313372,-2.20829775226577,NAZWY CZYNNOŚCI: CZASOWNIKI: Czy dziecko mówi...,mowa,item_483
słyszeć/słuchać,6.11694231642745,-1.49582474028333,NAZWY CZYNNOŚCI: CZASOWNIKI: Czy dziecko mówi...,mowa,item_503
stukać/pukać,3.93846590627944,-0.563235522795735,NAZWY CZYNNOŚCI: CZASOWNIKI: Czy dziecko mówi...,mowa,item_507
śmiać się,5.34681002399488,-0.621553556858445,NAZWY CZYNNOŚCI: CZASOWNIKI: Czy dziecko mówi...,mowa,item_510
ubrać (się),5.70561819085848,-0.0602133735681856,NAZWY CZYNNOŚCI: CZASOWNIKI: Czy dziecko mówi...,mowa,item_514
uczyć się,5.00443332879158,-1.95192454431456,NAZWY CZYNNOŚCI: CZASOWNIKI: Czy dziecko mówi...,mowa,item_516
upaść/spaść,3.4097694810927,-0.395001652995196,NAZWY CZYNNOŚCI: CZASOWNIKI: Czy dziecko mówi...,mowa,item_518
usiąść/siadać,4.93008215797342,-0.391468847952951,NAZWY CZYNNOŚCI: CZASOWNIKI: Czy dziecko mówi...,mowa,item_519
uściskać/ukochać,4.86587648319546,-1.41689640371038,NAZWY CZYNNOŚCI: CZASOWNIKI: Czy dziecko mówi...,mowa,item_520
widzieć/zobaczyć,5.34195245531354,-1.04576685656866,NAZWY CZYNNOŚCI: CZASOWNIKI: Czy dziecko mówi...,mowa,item_522
włożyć/założyć,5.8325320399262,-1.47898609003429,NAZWY CZYNNOŚCI: CZASOWNIKI: Czy dziecko mówi...,mowa,item_524
zaświecić/zapalić,5.16843348896903,-0.87984541193139,NAZWY CZYNNOŚCI: CZASOWNIKI: Czy dziecko mówi...,mowa,item_531
zdjąć/ściągnąć,5.84230692065543,-1.25283898447745,NAZWY CZYNNOŚCI: CZASOWNIKI: Czy dziecko mówi...,mowa,item_532
zmęczyć się,6.16201071439358,-1.33627379643621,NAZWY CZYNNOŚCI: CZASOWNIKI: Czy dziecko mówi...,mowa,item_537
(nie) da się,3.08474747791981,-0.069364152302941,NAZWY CZYNNOŚCI: CZASOWNIKI: Czy dziecko mówi...,mowa,item_541
nie ma,1.88514491435472,1.96882692723552,NAZWY CZYNNOŚCI: CZASOWNIKI: Czy dziecko mówi...,mowa,item_542
(nie) można,3.74955077160424,-0.0353714982765265,NAZWY CZYNNOŚCI: CZASOWNIKI: Czy dziecko mówi...,mowa,item_543
(nie) trzeba,3.86107606116162,-1.31985821975358,NAZWY CZYNNOŚCI: CZASOWNIKI: Czy dziecko mówi...,mowa,item_544
(nie) wolno,2.9992500546339,0.839062301370632,NAZWY CZYNNOŚCI: CZASOWNIKI: Czy dziecko mówi...,mowa,item_545
na górę/na górze,3.94147504008895,0.465907546995239,OKREŚLENIA MIEJSCA: Czy dziecko mówi...,mowa,item_554
na dół/na dole,3.92193604822535,-0.0621665953933298,OKREŚLENIA MIEJSCA: Czy dziecko mówi...,mowa,item_555
z tyłu/do tyłu,4.21610932335432,-1.76496321654204,OKREŚLENIA MIEJSCA: Czy dziecko mówi...,mowa,item_556
z przodu/do przodu,4.32860153782861,-2.05856623069452,OKREŚLENIA MIEJSCA: Czy dziecko mówi...,mowa,item_557
w środku,4.20591358573807,-2.06248760491842,OKREŚLENIA MIEJSCA: Czy dziecko mówi...,mowa,item_558
już/już nie,2.24273202757068,0.679842552999097,OKREŚLENIA CZASU: Czy dziecko mówi...,mowa,item_562
jeszcze/jeszcze nie,3.16483491735015,-0.058604516604019,"OKREŚLENIA CZASU (w takich zdaniach jak np. „Jeszcze pisać!”, „Jeszcze raz mi to zrób!” albo „Jeszcze nie wypiłam”):: Czy dziecko mówi...",mowa,item_563
potem/później,3.45287666211017,-1.09185836173087,OKREŚLENIA CZASU: Czy dziecko mówi...,mowa,item_566
znowu/znów,4.11214757702157,-2.56655360325481,OKREŚLENIA CZASU: Czy dziecko mówi...,mowa,item_567
dzisiaj/dziś,3.97914078044798,-0.410697470666952,OKREŚLENIA CZASU: Czy dziecko mówi...,mowa,item_572
noc/w nocy,3.93416457033356,-0.270609114697116,OKREŚLENIA CZASU: Czy dziecko mówi...,mowa,item_577
trochę/troszkę,4.00897777085566,-1.33681067069958,OKREŚLENIA MIARY: Czy dziecko mówi...,mowa,item_582
wszystko/wszyscy,4.64316665380453,-1.94017339143024,OKREŚLENIA MIARY: Czy dziecko mówi...,mowa,item_586
sam/sama,2.69735299296907,1.00903716748242,OKREŚLENIA MIARY: Czy dziecko mówi...,mowa,item_592
dosyć/dość,2.45203206280856,-1.43439893532484,OKREŚLENIA MIARY: Czy dziecko mówi...,mowa,item_595
za (np. za dużo),3.38242520800629,-1.26124706098341,OKREŚLENIA MIARY: Czy dziecko mówi...,mowa,item_596
"ja (mi, mnie)",2.12387628763951,2.48342918529221,ZAIMKI OSOBOWE (KTO? KOGO? KOMU?): Czy dziecko mówi...,mowa,item_600
"ty (ci, cię)",2.3906964985151,0.990493850723955,ZAIMKI OSOBOWE (KTO? KOGO? KOMU?): Czy dziecko mówi...,mowa,item_601
on/go/mu,2.30085875172844,-0.276646138994365,ZAIMKI OSOBOWE (KTO? KOGO? KOMU?): Czy dziecko mówi...,mowa,item_602
ona/ją/jej,2.73152383032268,-0.796441586758002,ZAIMKI OSOBOWE (KTO? KOGO? KOMU?): Czy dziecko mówi...,mowa,item_603
"my (nam, nas)",2.92683284027323,-0.898654254515463,ZAIMKI OSOBOWE (KTO? KOGO? KOMU?): Czy dziecko mówi...,mowa,item_604
wy/was/wam,2.93848105638937,-2.01581750358272,ZAIMKI OSOBOWE (KTO? KOGO? KOMU?): Czy dziecko mówi...,mowa,item_605
oni/one/ich/je/im,2.87789479654541,-2.03890423021469,ZAIMKI OSOBOWE (KTO? KOGO? KOMU?): Czy dziecko mówi...,mowa,item_606
co to?/co to jest?,2.61357806057882,1.51116305098998,PYTANIA: Czy dziecko mówi...,mowa,item_626
co?,2.16760242306808,0.942427595537043,PYTANIA: Czy dziecko mówi...,mowa,item_627
co robi?,4.42997957440627,-0.229507230149746,PYTANIA: Czy dziecko mówi...,mowa,item_628
kto?,3.16512170258588,0.18018028889001,PYTANIA: Czy dziecko mówi...,mowa,item_629
czyj?,3.63720600757842,-2.46912318451528,PYTANIA: Czy dziecko mówi...,mowa,item_630
gdzie?,3.5468087374581,0.254347547313324,PYTANIA: Czy dziecko mówi...,mowa,item_631
kiedy?,4.33506934699563,-1.71653068829328,PYTANIA: Czy dziecko mówi...,mowa,item_632
jak?,3.39420933581606,-1.11558690514073,PYTANIA: Czy dziecko mówi...,mowa,item_633
dlaczego?/czemu?,4.16283122067142,-1.13497564474135,PYTANIA: Czy dziecko mówi...,mowa,item_634
po co?/na co?,3.34422579074158,-0.969974421118532,PYTANIA: Czy dziecko mówi...,mowa,item_635
jaki?,3.87724681700028,-1.22984899988863,PYTANIA: Czy dziecko mówi...,mowa,item_636
który?,4.0769063426818,-2.52050520443696,PYTANIA: Czy dziecko mówi...,mowa,item_637
ile?,3.46927641768851,-1.45323716282214,PYTANIA: Czy dziecko mówi...,mowa,item_638
na pewno,3.67135489043833,-2.88158659747945,PRZYSŁÓWKI MODALNE: Czy dziecko mówi...,mowa,item_641
w ogóle,3.08222752186298,-3.22470910488655,PRZYSŁÓWKI MODALNE: Czy dziecko mówi...,mowa,item_645
bez (np. bez czapki),3.33279618927953,-0.50854843262644,PRZYIMKI: Czy dziecko mówi...,mowa,item_647
dla (np. dla mamy),3.78034286114938,0.28742665674032,PRZYIMKI: Czy dziecko mówi...,mowa,item_648
"do (np. do pracy, do babci)",3.49003481367549,0.8628511425657,PRZYIMKI: Czy dziecko mówi...,mowa,item_649
na (np. na stole),3.45193035169337,0.345340552231818,PRZYIMKI: Czy dziecko mówi...,mowa,item_650
"koło/obok (np. koło szafy, obok taty)",3.6239725556439,-1.54066679169145,PRZYIMKI: Czy dziecko mówi...,mowa,item_651
od (np. od wujka),3.90865876805821,-0.405181754691675,PRZYIMKI: Czy dziecko mówi...,mowa,item_653
"po (np. po lesie, po wodę)",3.4542808726492,-1.02823050015232,PRZYIMKI: Czy dziecko mówi...,mowa,item_654
pod (np.pod stołem),3.89670551403293,-1.04692179493007,PRZYIMKI: Czy dziecko mówi...,mowa,item_655
"przed (np. przed sklepem, przed obiadem)",4.14589201909939,-2.72690707964453,PRZYIMKI: Czy dziecko mówi...,mowa,item_656
u (np. u cioci),2.96892459161226,0.0472107389466408,PRZYIMKI: Czy dziecko mówi...,mowa,item_657
w (np. w kuchni),3.79600433013851,-0.277100281627484,PRZYIMKI: Czy dziecko mówi...,mowa,item_658
za (np. za szafą),3.4048035276968,-1.3409704119377,PRZYIMKI: Czy dziecko mówi...,mowa,item_659
"z (np. z tatusiem, z cukrem)",3.38572034456345,0.139983635494325,PRZYIMKI: Czy dziecko mówi...,mowa,item_660
z (np. z łazienki),3.50564152488618,-1.15243531044377,PRZYIMKI: Czy dziecko mówi...,mowa,item_661
jak - (to),3.02031556853414,-1.70327620586575,"SPÓJNIKI (w takich zdaniach jak np. „Jak mama przyjdzie, (to) da mi jeść”):: Czy dziecko mówi...",mowa,item_667
miau,1.39371739195314,2.77476090080427,ODGŁOSY I WYKRZYKNIKI: Czy dziecko mówi...,mowa,item_5
baran,2.43218851626905,-0.218882801146765,ZWIERZĘTA – PRAWDZIWE LUB ZABAWKOWE: Czy dziecko mówi...,mowa,item_13
biedronka,3.62914761480539,0.137552682080597,ZWIERZĘTA – PRAWDZIWE LUB ZABAWKOWE: Czy dziecko mówi...,mowa,item_14
bocian,2.94407382359956,-0.313491646382157,ZWIERZĘTA – PRAWDZIWE LUB ZABAWKOWE: Czy dziecko mówi...,mowa,item_15
foka,2.55957280091337,-0.766435752842612,ZWIERZĘTA – PRAWDZIWE LUB ZABAWKOWE: Czy dziecko mówi...,mowa,item_16
gęś,2.12486396458668,-0.63991951848449,ZWIERZĘTA – PRAWDZIWE LUB ZABAWKOWE: Czy dziecko mówi...,mowa,item_17
gołąb,2.58828092910118,-0.778822227673522,ZWIERZĘTA – PRAWDZIWE LUB ZABAWKOWE: Czy dziecko mówi...,mowa,item_18
jeż,2.90384908886915,-0.541320587138989,ZWIERZĘTA – PRAWDZIWE LUB ZABAWKOWE: Czy dziecko mówi...,mowa,item_19
kaczka,2.61745446867518,1.15872819917222,ZWIERZĘTA – PRAWDZIWE LUB ZABAWKOWE: Czy dziecko mówi...,mowa,item_20
kogut,2.35911409140276,0.078022799598401,ZWIERZĘTA – PRAWDZIWE LUB ZABAWKOWE: Czy dziecko mówi...,mowa,item_21
koń,2.76939284929902,1.73377531856156,ZWIERZĘTA – PRAWDZIWE LUB ZABAWKOWE: Czy dziecko mówi...,mowa,item_22
kot,2.57984930698647,3.09791307250874,ZWIERZĘTA – PRAWDZIWE LUB ZABAWKOWE: Czy dziecko mówi...,mowa,item_23
koza,2.69385504908537,-0.130457503495296,ZWIERZĘTA – PRAWDZIWE LUB ZABAWKOWE: Czy dziecko mówi...,mowa,item_24
krowa,2.76039152718757,1.74958601209328,ZWIERZĘTA – PRAWDZIWE LUB ZABAWKOWE: Czy dziecko mówi...,mowa,item_25
królik,3.17760923286518,0.059237774199528,ZWIERZĘTA – PRAWDZIWE LUB ZABAWKOWE: Czy dziecko mówi...,mowa,item_26
kura,2.67219376263308,1.81217983182311,ZWIERZĘTA – PRAWDZIWE LUB ZABAWKOWE: Czy dziecko mówi...,mowa,item_27
kurczątko,2.12130208121248,-1.28426794207714,ZWIERZĘTA – PRAWDZIWE LUB ZABAWKOWE: Czy dziecko mówi...,mowa,item_28
lew,2.84931995420788,0.483631630366036,ZWIERZĘTA – PRAWDZIWE LUB ZABAWKOWE: Czy dziecko mówi...,mowa,item_29
lis,2.72881291916538,-0.223457821258629,ZWIERZĘTA – PRAWDZIWE LUB ZABAWKOWE: Czy dziecko mówi...,mowa,item_30
małpa,3.08076469909586,0.402440461970141,ZWIERZĘTA – PRAWDZIWE LUB ZABAWKOWE: Czy dziecko mówi...,mowa,item_31
motylek,3.75511011537198,0.0688459017364376,ZWIERZĘTA – PRAWDZIWE LUB ZABAWKOWE: Czy dziecko mówi...,mowa,item_33
mrówka,3.63111979795676,-0.836163635983687,ZWIERZĘTA – PRAWDZIWE LUB ZABAWKOWE: Czy dziecko mówi...,mowa,item_34
mucha,3.10082603959648,1.26775502003198,ZWIERZĘTA – PRAWDZIWE LUB ZABAWKOWE: Czy dziecko mówi...,mowa,item_35
myszka,3.42394250994908,0.621529155842791,ZWIERZĘTA – PRAWDZIWE LUB ZABAWKOWE: Czy dziecko mówi...,mowa,item_36
pająk,3.44847817770108,-0.381836324795931,ZWIERZĘTA – PRAWDZIWE LUB ZABAWKOWE: Czy dziecko mówi...,mowa,item_37
pies,2.47825260655702,2.51869108310236,ZWIERZĘTA – PRAWDZIWE LUB ZABAWKOWE: Czy dziecko mówi...,mowa,item_38
pingwin,3.04759380442857,-1.0842629415634,ZWIERZĘTA – PRAWDZIWE LUB ZABAWKOWE: Czy dziecko mówi...,mowa,item_39
ptaszek,3.17785910510027,0.893116941004892,ZWIERZĘTA – PRAWDZIWE LUB ZABAWKOWE: Czy dziecko mówi...,mowa,item_40
robak,3.67218870743192,-0.279306256929056,ZWIERZĘTA – PRAWDZIWE LUB ZABAWKOWE: Czy dziecko mówi...,mowa,item_41
ryba,3.49077351783698,1.49915639345999,ZWIERZĘTA – PRAWDZIWE LUB ZABAWKOWE: Czy dziecko mówi...,mowa,item_42
słoń,3.25659770777521,0.518501835950187,ZWIERZĘTA – PRAWDZIWE LUB ZABAWKOWE: Czy dziecko mówi...,mowa,item_43
sowa,2.61800450828533,-0.317945382092328,ZWIERZĘTA – PRAWDZIWE LUB ZABAWKOWE: Czy dziecko mówi...,mowa,item_44
ślimak,3.70241201952437,-0.267959173566484,ZWIERZĘTA – PRAWDZIWE LUB ZABAWKOWE: Czy dziecko mówi...,mowa,item_45
świnka,3.02532917571525,0.532678322356117,ZWIERZĘTA – PRAWDZIWE LUB ZABAWKOWE: Czy dziecko mówi...,mowa,item_46
tygrys,2.96679116326229,-0.623175169211072,ZWIERZĘTA – PRAWDZIWE LUB ZABAWKOWE: Czy dziecko mówi...,mowa,item_47
wąż,2.86568133014559,-0.443373544734254,ZWIERZĘTA – PRAWDZIWE LUB ZABAWKOWE: Czy dziecko mówi...,mowa,item_48
wiewiórka,3.47521756389865,-0.990356676029894,ZWIERZĘTA – PRAWDZIWE LUB ZABAWKOWE: Czy dziecko mówi...,mowa,item_49
wilk,2.97070285646347,-0.701728147599792,ZWIERZĘTA – PRAWDZIWE LUB ZABAWKOWE: Czy dziecko mówi...,mowa,item_50
zając,3.44222234897136,-0.719123801987967,ZWIERZĘTA – PRAWDZIWE LUB ZABAWKOWE: Czy dziecko mówi...,mowa,item_51
zwierzątko,3.89774975776959,-1.31103098908459,ZWIERZĘTA – PRAWDZIWE LUB ZABAWKOWE: Czy dziecko mówi...,mowa,item_52
żaba,3.13471382767468,1.12041603246066,ZWIERZĘTA – PRAWDZIWE LUB ZABAWKOWE: Czy dziecko mówi...,mowa,item_53
żółw,3.34948328205231,-0.450125366006435,ZWIERZĘTA – PRAWDZIWE LUB ZABAWKOWE: Czy dziecko mówi...,mowa,item_54
żyrafa,3.35873954472994,-0.43092226639788,ZWIERZĘTA – PRAWDZIWE LUB ZABAWKOWE: Czy dziecko mówi...,mowa,item_55
autobus,2.88726908658831,0.660176474526436,POJAZDY – PRAWDZIWE LUB ZABAWKOWE: Czy dziecko mówi...,mowa,item_57
ciężarówka,2.03920200159986,-0.800086735627139,POJAZDY – PRAWDZIWE LUB ZABAWKOWE: Czy dziecko mówi...,mowa,item_58
helikopter,2.25726980040561,-0.895661701354654,POJAZDY – PRAWDZIWE LUB ZABAWKOWE: Czy dziecko mówi...,mowa,item_59
koparka,2.33660617922518,0.00991934544719704,POJAZDY – PRAWDZIWE LUB ZABAWKOWE: Czy dziecko mówi...,mowa,item_60
lokomotywa,1.73873612048288,-0.778642104136968,POJAZDY – PRAWDZIWE LUB ZABAWKOWE: Czy dziecko mówi...,mowa,item_61
pociąg,2.67911071827874,1.00767523577236,POJAZDY – PRAWDZIWE LUB ZABAWKOWE: Czy dziecko mówi...,mowa,item_63
rower,3.85816803905076,1.28746472328558,POJAZDY – PRAWDZIWE LUB ZABAWKOWE: Czy dziecko mówi...,mowa,item_65
samolot,3.57254754351663,1.16084411452498,POJAZDY – PRAWDZIWE LUB ZABAWKOWE: Czy dziecko mówi...,mowa,item_66
statek,3.46174134409186,-0.465161753580215,POJAZDY – PRAWDZIWE LUB ZABAWKOWE: Czy dziecko mówi...,mowa,item_67
traktor,2.23758807974147,0.660477431505881,POJAZDY – PRAWDZIWE LUB ZABAWKOWE: Czy dziecko mówi...,mowa,item_68
tramwaj,2.03047279830049,-1.2112383573699,POJAZDY – PRAWDZIWE LUB ZABAWKOWE: Czy dziecko mówi...,mowa,item_69
banan,3.70032279134346,2.10169687085867,POKARMY I NAPOJE: Czy dziecko mówi...,mowa,item_70
barszcz,2.66705678171629,-2.11890804444238,POKARMY I NAPOJE: Czy dziecko mówi...,mowa,item_71
batonik,2.84893368095549,-0.627594890928503,POKARMY I NAPOJE: Czy dziecko mówi...,mowa,item_72
budyń,3.03670858030853,-0.838187343046181,POKARMY I NAPOJE: Czy dziecko mówi...,mowa,item_73
bułka,3.69973902346393,1.91460090264168,POKARMY I NAPOJE: Czy dziecko mówi...,mowa,item_74
buraczki,3.68220705481335,-1.52309230455011,POKARMY I NAPOJE: Czy dziecko mówi...,mowa,item_75
cebula,3.97520621288012,-0.772018952980368,POKARMY I NAPOJE: Czy dziecko mówi...,mowa,item_76
chleb,4.11269799754034,1.84014054383726,POKARMY I NAPOJE: Czy dziecko mówi...,mowa,item_77
chrupki,3.42219281829442,0.779700088653953,POKARMY I NAPOJE: Czy dziecko mówi...,mowa,item_78
ciasto,3.05846738418098,0.23369955827959,POKARMY I NAPOJE: Czy dziecko mówi...,mowa,item_79
ciastko,3.3710397984024,1.01752937566341,POKARMY I NAPOJE: Czy dziecko mówi...,mowa,item_80
cukier,3.63841906482718,-0.396995542203707,POKARMY I NAPOJE: Czy dziecko mówi...,mowa,item_81
cukierek,2.9635065154722,0.560435083605341,POKARMY I NAPOJE: Czy dziecko mówi...,mowa,item_82
czekolada,3.95923431395968,0.726513224949821,POKARMY I NAPOJE: Czy dziecko mówi...,mowa,item_83
dżem,3.07266131433025,-0.711084282192753,POKARMY I NAPOJE: Czy dziecko mówi...,mowa,item_84
galaretka,3.51014499299866,-1.63817815936066,POKARMY I NAPOJE: Czy dziecko mówi...,mowa,item_85
groszek,3.30833643729373,-1.67039131323108,POKARMY I NAPOJE: Czy dziecko mówi...,mowa,item_86
grzyby,3.29307890551194,-1.26095722310408,POKARMY I NAPOJE: Czy dziecko mówi...,mowa,item_87
herbata,3.53508268782259,0.784145131661196,POKARMY I NAPOJE: Czy dziecko mówi...,mowa,item_89
jabłko,4.49235925950112,1.96784317658749,POKARMY I NAPOJE: Czy dziecko mówi...,mowa,item_90
jajko,3.3327593250882,2.67934368677906,POKARMY I NAPOJE: Czy dziecko mówi...,mowa,item_91
jogurt,3.40879854021484,-0.0156108043757859,POKARMY I NAPOJE: Czy dziecko mówi...,mowa,item_93
kakao,2.62555348537822,-0.492969999799835,POKARMY I NAPOJE: Czy dziecko mówi...,mowa,item_94
kapusta,4.33922472046533,-1.8945562044785,POKARMY I NAPOJE: Czy dziecko mówi...,mowa,item_96
kaszka,2.59040189367587,0.0656854937541052,POKARMY I NAPOJE: Czy dziecko mówi...,mowa,item_97
kawa,3.00130555910766,0.404937429357867,POKARMY I NAPOJE: Czy dziecko mówi...,mowa,item_98
ketchup,3.50314959066326,-0.233171996145213,POKARMY I NAPOJE: Czy dziecko mówi...,mowa,item_99
kiełbasa,3.87706117267623,0.0940792601929584,POKARMY I NAPOJE: Czy dziecko mówi...,mowa,item_100
kotlet,4.21543199968352,-0.628513689534418,POKARMY I NAPOJE: Czy dziecko mówi...,mowa,item_101
kurczak,3.85220021744861,-0.576159127217637,POKARMY I NAPOJE: Czy dziecko mówi...,mowa,item_102
lizak,3.61371252782492,0.756226006342343,POKARMY I NAPOJE: Czy dziecko mówi...,mowa,item_103
lody,3.82843065717808,1.16576716435315,POKARMY I NAPOJE: Czy dziecko mówi...,mowa,item_104
mandarynka,3.2984276152417,-1.57461137334394,POKARMY I NAPOJE: Czy dziecko mówi...,mowa,item_106
marchewka,5.01841336091108,0.0181751785245334,POKARMY I NAPOJE: Czy dziecko mówi...,mowa,item_107
mięso,4.25776980862516,0.298063955409273,POKARMY I NAPOJE: Czy dziecko mówi...,mowa,item_109
miód,3.35053592820964,-1.47537774879668,POKARMY I NAPOJE: Czy dziecko mówi...,mowa,item_110
mleko,3.82748963253784,1.88119962765489,POKARMY I NAPOJE: Czy dziecko mówi...,mowa,item_111
naleśniki,3.93973193364864,-1.10823824001777,POKARMY I NAPOJE: Czy dziecko mówi...,mowa,item_112
orzechy,4.26179058208922,-2.03695263328428,POKARMY I NAPOJE: Czy dziecko mówi...,mowa,item_113
ogórek,4.15800725226796,0.173252509916693,POKARMY I NAPOJE: Czy dziecko mówi...,mowa,item_114
paluszki,4.14729041608058,-0.0488911494517017,POKARMY I NAPOJE: Czy dziecko mówi...,mowa,item_115
picie,2.63143957433262,1.94839335415764,POKARMY I NAPOJE: Czy dziecko mówi...,mowa,item_117
pierogi,3.48782569644731,-1.35299347278713,POKARMY I NAPOJE: Czy dziecko mówi...,mowa,item_118
placek,3.66840587584097,-1.35755725214228,POKARMY I NAPOJE: Czy dziecko mówi...,mowa,item_119
pomarańcza,4.05565755668407,-1.59775942221766,POKARMY I NAPOJE: Czy dziecko mówi...,mowa,item_120
pomidor,4.5407195986832,0.139709674513313,POKARMY I NAPOJE: Czy dziecko mówi...,mowa,item_121
rodzynki,3.26770396230704,-2.34249892597302,POKARMY I NAPOJE: Czy dziecko mówi...,mowa,item_122
rosół,3.96728735803551,-0.474176237614944,POKARMY I NAPOJE: Czy dziecko mówi...,mowa,item_123
ryba,3.49853545665641,0.73188787807953,POKARMY I NAPOJE: Czy dziecko mówi...,mowa,item_124
ryż,3.70308403964554,-0.920189785560022,POKARMY I NAPOJE: Czy dziecko mówi...,mowa,item_125
ser,4.08701744411945,0.346759237464127,POKARMY I NAPOJE: Czy dziecko mówi...,mowa,item_126
sok,3.6347088683572,1.41028293389258,POKARMY I NAPOJE: Czy dziecko mówi...,mowa,item_127
sos,3.12750234075263,-0.825007997097011,POKARMY I NAPOJE: Czy dziecko mówi...,mowa,item_128
sól,3.56153148208749,-0.879592649407567,POKARMY I NAPOJE: Czy dziecko mówi...,mowa,item_129
szynka,3.70981568384052,-0.948282453832631,POKARMY I NAPOJE: Czy dziecko mówi...,mowa,item_130
truskawki,4.50852132482735,-0.772861526705356,POKARMY I NAPOJE: Czy dziecko mówi...,mowa,item_131
witaminy,3.55618239345195,-2.10017991494072,POKARMY I NAPOJE: Czy dziecko mówi...,mowa,item_132
woda,3.44363984835274,1.51757520351329,POKARMY I NAPOJE: Czy dziecko mówi...,mowa,item_133
zupa,4.58855385064115,1.85187688928892,POKARMY I NAPOJE: Czy dziecko mówi...,mowa,item_135
bajka,3.5788611864328,2.74576448723442,ZABAWKI: Czy dziecko mówi...,mowa,item_136
balonik,3.8731268877199,1.32845302011389,ZABAWKI: Czy dziecko mówi...,mowa,item_137
grabki,3.62077345745253,-0.816910478241791,ZABAWKI: Czy dziecko mówi...,mowa,item_138
gumka,3.35644472398105,-0.430710685594126,ZABAWKI: Czy dziecko mówi...,mowa,item_139
klocki,4.79211221486892,2.25905996333961,ZABAWKI: Czy dziecko mówi...,mowa,item_141
kredki,4.71609207866002,1.51471707629964,ZABAWKI: Czy dziecko mówi...,mowa,item_142
książka,5.00154843804203,1.00318739657317,ZABAWKI: Czy dziecko mówi...,mowa,item_143
lalka,2.02903216823924,1.61645354131311,ZABAWKI: Czy dziecko mówi...,mowa,item_144
łopatka,4.80081982346594,-0.0167963505640831,ZABAWKI: Czy dziecko mówi...,mowa,item_145
obrazek,5.24472999115969,-1.12533120481954,ZABAWKI: Czy dziecko mówi...,mowa,item_146
ołówek,3.45850006748292,-0.957004607764815,ZABAWKI: Czy dziecko mówi...,mowa,item_147
piłka,3.49941096080808,2.87902172156294,ZABAWKI: Czy dziecko mówi...,mowa,item_148
prezent,5.31935665275299,-0.993180172224258,ZABAWKI: Czy dziecko mówi...,mowa,item_150
smoczek,2.04768536217435,0.497659193477239,ZABAWKI: Czy dziecko mówi...,mowa,item_151
wiaderko,5.3080834693748,-0.0778726425555325,ZABAWKI: Czy dziecko mówi...,mowa,item_152
zabawka,5.35485246548234,0.605551371723192,ZABAWKI: Czy dziecko mówi...,mowa,item_153
bluzka,4.83240876843303,0.370738425316825,UBRANIA: Czy dziecko mówi...,mowa,item_154
buty,3.87347494573782,3.00495321781964,UBRANIA: Czy dziecko mówi...,mowa,item_155
chustka,3.76234636915022,-1.53074476796383,UBRANIA: Czy dziecko mówi...,mowa,item_156
czapka,4.63472160684755,2.45026354092779,UBRANIA: Czy dziecko mówi...,mowa,item_157
guzik,3.91013398899567,-0.500781319749727,UBRANIA: Czy dziecko mówi...,mowa,item_158
kapelusz,3.90963679770432,-1.36206586628426,UBRANIA: Czy dziecko mówi...,mowa,item_160
kieszeń,4.84044443257617,-0.88719028242134,UBRANIA: Czy dziecko mówi...,mowa,item_161
koszula,4.11025484971187,-1.31018334681271,UBRANIA: Czy dziecko mówi...,mowa,item_162
kurtka,5.65056507591844,1.4275407398325,UBRANIA: Czy dziecko mówi...,mowa,item_163
majtki,4.71008969581686,0.471439419419891,UBRANIA: Czy dziecko mówi...,mowa,item_164
pasek,3.66478360190783,-1.28372050846838,UBRANIA: Czy dziecko mówi...,mowa,item_166
piżama,4.57713351198837,-0.0490720318858555,UBRANIA: Czy dziecko mówi...,mowa,item_168
rękawiczki,4.34213291991569,-0.389634808924529,UBRANIA: Czy dziecko mówi...,mowa,item_170
skarpetki,4.840057213352,1.2166289538188,UBRANIA: Czy dziecko mówi...,mowa,item_171
spodnie,5.18188772369332,1.05392527637946,UBRANIA: Czy dziecko mówi...,mowa,item_172
sukienka,3.90724856652687,-1.0445385397811,UBRANIA: Czy dziecko mówi...,mowa,item_173
sweter,4.73365534324968,-1.05647288797588,UBRANIA: Czy dziecko mówi...,mowa,item_174
szalik,4.54461429615904,-0.434640834571338,UBRANIA: Czy dziecko mówi...,mowa,item_175
śliniaczek,3.04940210460556,-1.6223101920199,UBRANIA: Czy dziecko mówi...,mowa,item_176
ubranie,4.82783999435792,-0.401455942733106,UBRANIA: Czy dziecko mówi...,mowa,item_177
broda,3.60705254638598,-0.280066524902983,CZĘŚCI CIAŁA: Czy dziecko mówi...,mowa,item_178
brzuch,5.60022156453655,2.51530305818371,CZĘŚCI CIAŁA: Czy dziecko mówi...,mowa,item_179
buzia,4.46633860426115,2.02786708322323,CZĘŚCI CIAŁA: Czy dziecko mówi...,mowa,item_180
czoło,3.88109502526075,0.125396498088035,CZĘŚCI CIAŁA: Czy dziecko mówi...,mowa,item_181
gardło,3.93976598461489,-1.05631124151945,CZĘŚCI CIAŁA: Czy dziecko mówi...,mowa,item_182
głowa,5.77264993722955,2.33175343614827,CZĘŚCI CIAŁA: Czy dziecko mówi...,mowa,item_183
język,4.64307325200147,0.138257638413985,CZĘŚCI CIAŁA: Czy dziecko mówi...,mowa,item_184
kolano,5.22018428545153,0.0786555236558327,CZĘŚCI CIAŁA: Czy dziecko mówi...,mowa,item_185
krew,3.52702246289286,-1.54874413821823,CZĘŚCI CIAŁA: Czy dziecko mówi...,mowa,item_186
łokieć,3.4434035213248,-1.96770239790513,CZĘŚCI CIAŁA: Czy dziecko mówi...,mowa,item_187
noga,5.26853102853129,2.63294824348864,CZĘŚCI CIAŁA: Czy dziecko mówi...,mowa,item_188
nos,4.05474853442829,3.28262207847224,CZĘŚCI CIAŁA: Czy dziecko mówi...,mowa,item_189
oko,3.39097739117128,3.35852030302791,CZĘŚCI CIAŁA: Czy dziecko mówi...,mowa,item_190
palec,5.16075400412587,1.25549569297951,CZĘŚCI CIAŁA: Czy dziecko mówi...,mowa,item_191
pępek,3.39114858919139,0.842823087050556,CZĘŚCI CIAŁA: Czy dziecko mówi...,mowa,item_193
plecy,4.9210550467056,-0.11487076406368,CZĘŚCI CIAŁA: Czy dziecko mówi...,mowa,item_194
policzek,4.35675203355468,-0.86246670985186,CZĘŚCI CIAŁA: Czy dziecko mówi...,mowa,item_195
pupa,3.467508109695,2.49995310991269,CZĘŚCI CIAŁA: Czy dziecko mówi...,mowa,item_196
ręka,5.59535763436064,1.96772352149231,CZĘŚCI CIAŁA: Czy dziecko mówi...,mowa,item_197
serce,3.69772876596,-1.27009725635468,CZĘŚCI CIAŁA: Czy dziecko mówi...,mowa,item_198
skóra,4.06334583772237,-2.12442809507547,CZĘŚCI CIAŁA: Czy dziecko mówi...,mowa,item_199
szyja,4.12928743938288,-0.143115747411407,CZĘŚCI CIAŁA: Czy dziecko mówi...,mowa,item_200
ucho,4.26718870057686,2.3806240189163,CZĘŚCI CIAŁA: Czy dziecko mówi...,mowa,item_201
włosy,5.44507915112224,2.0680696515998,CZĘŚCI CIAŁA: Czy dziecko mówi...,mowa,item_202
ząb,5.33490434115164,1.14751773558262,CZĘŚCI CIAŁA: Czy dziecko mówi...,mowa,item_203
balkon,3.01102029900157,-0.99752304430375,"W DOMU: POMIESZCZENIA, SPRZĘTY, MEBLE: Czy dziecko mówi...",mowa,item_204
dach,3.42042586288342,-0.79857536813667,"W DOMU: POMIESZCZENIA, SPRZĘTY, MEBLE: Czy dziecko mówi...",mowa,item_205
drzwi,4.60378147984149,2.12042731150344,"W DOMU: POMIESZCZENIA, SPRZĘTY, MEBLE: Czy dziecko mówi...",mowa,item_206
dywan,4.81114631756577,-0.259404376956315,"W DOMU: POMIESZCZENIA, SPRZĘTY, MEBLE: Czy dziecko mówi...",mowa,item_207
fotel,4.3592016546642,-0.167562101635569,"W DOMU: POMIESZCZENIA, SPRZĘTY, MEBLE: Czy dziecko mówi...",mowa,item_209
kran,4.08599848283987,-1.0301082297112,"W DOMU: POMIESZCZENIA, SPRZĘTY, MEBLE: Czy dziecko mówi...",mowa,item_211
krzesło,5.11564478987551,0.917110776150056,"W DOMU: POMIESZCZENIA, SPRZĘTY, MEBLE: Czy dziecko mówi...",mowa,item_212
kuchnia,5.82026907724388,0.430264946575335,"W DOMU: POMIESZCZENIA, SPRZĘTY, MEBLE: Czy dziecko mówi...",mowa,item_213
lodówka,5.3850572506822,0.0409795951189386,"W DOMU: POMIESZCZENIA, SPRZĘTY, MEBLE: Czy dziecko mówi...",mowa,item_214
łazienka,5.54102014738069,0.0497662598776226,"W DOMU: POMIESZCZENIA, SPRZĘTY, MEBLE: Czy dziecko mówi...",mowa,item_215
łóżko,5.68023374101671,1.2791269962347,"W DOMU: POMIESZCZENIA, SPRZĘTY, MEBLE: Czy dziecko mówi...",mowa,item_216
odkurzacz,3.99603907138329,-0.0807934126135029,"W DOMU: POMIESZCZENIA, SPRZĘTY, MEBLE: Czy dziecko mówi...",mowa,item_217
okno,4.48212145339914,1.57285496770732,"W DOMU: POMIESZCZENIA, SPRZĘTY, MEBLE: Czy dziecko mówi...",mowa,item_218
podłoga,5.87942526111121,-0.759651959132938,"W DOMU: POMIESZCZENIA, SPRZĘTY, MEBLE: Czy dziecko mówi...",mowa,item_219
pokój,5.99164098895131,0.372106345864162,"W DOMU: POMIESZCZENIA, SPRZĘTY, MEBLE: Czy dziecko mówi...",mowa,item_220
pralka,5.05750894505695,0.136549089864974,"W DOMU: POMIESZCZENIA, SPRZĘTY, MEBLE: Czy dziecko mówi...",mowa,item_222
prysznic,3.95101375293681,-1.39320058600136,"W DOMU: POMIESZCZENIA, SPRZĘTY, MEBLE: Czy dziecko mówi...",mowa,item_223
schody,5.73563595484268,0.0470897755884045,"W DOMU: POMIESZCZENIA, SPRZĘTY, MEBLE: Czy dziecko mówi...",mowa,item_224
stołek,3.67949315743826,-1.56409070168885,"W DOMU: POMIESZCZENIA, SPRZĘTY, MEBLE: Czy dziecko mówi...",mowa,item_225
stół,5.90191295874754,1.21722287347606,"W DOMU: POMIESZCZENIA, SPRZĘTY, MEBLE: Czy dziecko mówi...",mowa,item_226
sufit,4.06810335419988,-2.09484989120387,"W DOMU: POMIESZCZENIA, SPRZĘTY, MEBLE: Czy dziecko mówi...",mowa,item_227
szafa,5.53705946342816,-0.0969726209106225,"W DOMU: POMIESZCZENIA, SPRZĘTY, MEBLE: Czy dziecko mówi...",mowa,item_228
szuflada,4.87454251844569,-1.83630477303858,"W DOMU: POMIESZCZENIA, SPRZĘTY, MEBLE: Czy dziecko mówi...",mowa,item_229
ściana,5.47796045246258,-0.931876434388815,"W DOMU: POMIESZCZENIA, SPRZĘTY, MEBLE: Czy dziecko mówi...",mowa,item_230
telewizor,4.49171697172443,0.777831459944792,"W DOMU: POMIESZCZENIA, SPRZĘTY, MEBLE: Czy dziecko mówi...",mowa,item_231
wanna,4.1191091444135,0.105942653265013,"W DOMU: POMIESZCZENIA, SPRZĘTY, MEBLE: Czy dziecko mówi...",mowa,item_233
wózek,4.65548894494506,1.0698817866195,"W DOMU: POMIESZCZENIA, SPRZĘTY, MEBLE: Czy dziecko mówi...",mowa,item_234
butelka,4.38902225051078,1.27032050155927,PRZEDMIOTY DOMOWEGO UŻYTKU: Czy dziecko mówi...,mowa,item_236
czajnik,4.01731866802429,-1.1164678980358,PRZEDMIOTY DOMOWEGO UŻYTKU: Czy dziecko mówi...,mowa,item_237
deska,4.1724884234026,-1.59518356999311,PRZEDMIOTY DOMOWEGO UŻYTKU: Czy dziecko mówi...,mowa,item_238
garnek,5.16250386892874,-0.417514316233637,PRZEDMIOTY DOMOWEGO UŻYTKU: Czy dziecko mówi...,mowa,item_239
gazeta,4.698424045735,-0.886604893448475,PRZEDMIOTY DOMOWEGO UŻYTKU: Czy dziecko mówi...,mowa,item_240
grzebień,3.88000413422429,-0.978271787404892,PRZEDMIOTY DOMOWEGO UŻYTKU: Czy dziecko mówi...,mowa,item_241
igła,3.55799616730816,-2.02329237631474,PRZEDMIOTY DOMOWEGO UŻYTKU: Czy dziecko mówi...,mowa,item_242
klucz,4.63101982937025,0.913985109282468,PRZEDMIOTY DOMOWEGO UŻYTKU: Czy dziecko mówi...,mowa,item_243
koszyk,4.53693408177719,-1.29019986702781,PRZEDMIOTY DOMOWEGO UŻYTKU: Czy dziecko mówi...,mowa,item_245
kubek,4.86289395534103,1.22727469379758,PRZEDMIOTY DOMOWEGO UŻYTKU: Czy dziecko mówi...,mowa,item_246
lampa,3.67297151144828,0.373471406282119,PRZEDMIOTY DOMOWEGO UŻYTKU: Czy dziecko mówi...,mowa,item_247
lustro,5.39032734142995,-0.468368633475393,PRZEDMIOTY DOMOWEGO UŻYTKU: Czy dziecko mówi...,mowa,item_249
łyżka,5.55942117322219,1.15622467459771,PRZEDMIOTY DOMOWEGO UŻYTKU: Czy dziecko mówi...,mowa,item_250
miotła,3.14657721383489,-1.01405392799179,PRZEDMIOTY DOMOWEGO UŻYTKU: Czy dziecko mówi...,mowa,item_251
miska,4.42701233481119,0.0158923795965204,PRZEDMIOTY DOMOWEGO UŻYTKU: Czy dziecko mówi...,mowa,item_252
młotek,4.10288009194319,-1.19487499242432,PRZEDMIOTY DOMOWEGO UŻYTKU: Czy dziecko mówi...,mowa,item_253
mydło,4.90894289884143,0.441952451281844,PRZEDMIOTY DOMOWEGO UŻYTKU: Czy dziecko mówi...,mowa,item_254
nici,3.39416858021133,-2.07303061080025,PRZEDMIOTY DOMOWEGO UŻYTKU: Czy dziecko mówi...,mowa,item_255
nocnik,4.01521968577612,0.735522512468673,PRZEDMIOTY DOMOWEGO UŻYTKU: Czy dziecko mówi...,mowa,item_256
nożyczki,4.68119988060682,-0.577985675774374,PRZEDMIOTY DOMOWEGO UŻYTKU: Czy dziecko mówi...,mowa,item_257
nóż,3.77256848785728,0.243365987892815,PRZEDMIOTY DOMOWEGO UŻYTKU: Czy dziecko mówi...,mowa,item_258
obraz,4.86402976536081,-1.61766121676739,PRZEDMIOTY DOMOWEGO UŻYTKU: Czy dziecko mówi...,mowa,item_259
okulary,4.55738672853414,0.624878993188696,PRZEDMIOTY DOMOWEGO UŻYTKU: Czy dziecko mówi...,mowa,item_260
pieniądze,4.50539167407311,-0.27814541377601,PRZEDMIOTY DOMOWEGO UŻYTKU: Czy dziecko mówi...,mowa,item_261
poduszka,5.15394432622057,0.446992366976299,PRZEDMIOTY DOMOWEGO UŻYTKU: Czy dziecko mówi...,mowa,item_262
pudełko,6.15967023874035,-1.56933011028173,PRZEDMIOTY DOMOWEGO UŻYTKU: Czy dziecko mówi...,mowa,item_263
radio,3.58958475060645,-0.850327157153468,PRZEDMIOTY DOMOWEGO UŻYTKU: Czy dziecko mówi...,mowa,item_264
ręcznik,5.89332387581616,-0.274683471549717,PRZEDMIOTY DOMOWEGO UŻYTKU: Czy dziecko mówi...,mowa,item_265
słoik,5.2348584963509,-2.1710917790409,PRZEDMIOTY DOMOWEGO UŻYTKU: Czy dziecko mówi...,mowa,item_266
syrop,4.6077799608225,-0.4970394569929,PRZEDMIOTY DOMOWEGO UŻYTKU: Czy dziecko mówi...,mowa,item_267
szczotka,4.44085736474644,-0.763200823391087,PRZEDMIOTY DOMOWEGO UŻYTKU: Czy dziecko mówi...,mowa,item_269
szklanka,4.70565770492484,-0.542967234105891,PRZEDMIOTY DOMOWEGO UŻYTKU: Czy dziecko mówi...,mowa,item_270
sznurek,4.82015902930297,-2.31366593952676,PRZEDMIOTY DOMOWEGO UŻYTKU: Czy dziecko mówi...,mowa,item_272
śmieci,4.48671240847101,0.495096719895816,PRZEDMIOTY DOMOWEGO UŻYTKU: Czy dziecko mówi...,mowa,item_273
talerz,5.27452278220311,0.126560506409819,PRZEDMIOTY DOMOWEGO UŻYTKU: Czy dziecko mówi...,mowa,item_274
termometr,4.12326475352586,-1.93399155594556,PRZEDMIOTY DOMOWEGO UŻYTKU: Czy dziecko mówi...,mowa,item_276
torebka,5.08993771546904,-0.561930665103879,PRZEDMIOTY DOMOWEGO UŻYTKU: Czy dziecko mówi...,mowa,item_277
widelec,5.51455187737591,-0.243530648751836,PRZEDMIOTY DOMOWEGO UŻYTKU: Czy dziecko mówi...,mowa,item_278
zapałki,3.6074509049832,-1.85264927422163,PRZEDMIOTY DOMOWEGO UŻYTKU: Czy dziecko mówi...,mowa,item_279
zegarek,4.12067316109469,0.0919281605465118,PRZEDMIOTY DOMOWEGO UŻYTKU: Czy dziecko mówi...,mowa,item_281
żelazko,3.96616164759892,-1.39759304483912,PRZEDMIOTY DOMOWEGO UŻYTKU: Czy dziecko mówi...,mowa,item_282
bałwan,3.73013072808948,-1.06043205093335,NA DWORZE: Czy dziecko mówi...,mowa,item_283
błoto,3.99062188364543,-0.536575285608496,NA DWORZE: Czy dziecko mówi...,mowa,item_284
burza,3.96454489473446,0.132943163147601,NA DWORZE: Czy dziecko mówi...,mowa,item_285
chmura,4.77879057009336,-0.392854371105893,NA DWORZE: Czy dziecko mówi...,mowa,item_286
deszcz,4.29923471931843,1.8742937805706399,NA DWORZE: Czy dziecko mówi...,mowa,item_287
drabina,4.32910115903884,-1.58778398447736,NA DWORZE: Czy dziecko mówi...,mowa,item_288
droga,4.56989485508459,-0.193248132423871,NA DWORZE: Czy dziecko mówi...,mowa,item_289
drzewo,5.46397392359542,1.26343603443515,NA DWORZE: Czy dziecko mówi...,mowa,item_290
gałąź,4.01515511708716,-2.56085395890207,NA DWORZE: Czy dziecko mówi...,mowa,item_291
gwiazda,4.75869922061711,-0.661738166908506,NA DWORZE: Czy dziecko mówi...,mowa,item_292
huśtawka,3.42501746510422,0.968709363979102,NA DWORZE: Czy dziecko mówi...,mowa,item_293
kamień,5.85810897937262,0.151995006190114,NA DWORZE: Czy dziecko mówi...,mowa,item_294
księżyc,4.21787695182302,-0.381065825339827,NA DWORZE: Czy dziecko mówi...,mowa,item_296
kwiatek,4.92727349338267,1.44673658821985,NA DWORZE: Czy dziecko mówi...,mowa,item_297
listek,5.16708804461437,0.0373314589750676,NA DWORZE: Czy dziecko mówi...,mowa,item_298
most,3.6923023091019,-1.36460867146709,NA DWORZE: Czy dziecko mówi...,mowa,item_299
mróz,3.44017673483983,-2.33952568227655,NA DWORZE: Czy dziecko mówi...,mowa,item_300
niebo,4.33577444732431,0.259485321348007,NA DWORZE: Czy dziecko mówi...,mowa,item_301
ogień,3.64729463329063,-0.474949850920776,NA DWORZE: Czy dziecko mówi...,mowa,item_302
płot,4.2657244667119,-1.35163550644654,NA DWORZE: Czy dziecko mówi...,mowa,item_304
sanki,4.54225230918378,-1.34523119719955,NA DWORZE: Czy dziecko mówi...,mowa,item_305
słońce,5.22763886245216,0.861272646546044,NA DWORZE: Czy dziecko mówi...,mowa,item_306
śnieg,4.6428098095774,-0.883046057731913,NA DWORZE: Czy dziecko mówi...,mowa,item_307
trawa,5.90690271302,0.616660006781199,NA DWORZE: Czy dziecko mówi...,mowa,item_308
ulica,4.55863547492658,-0.848409453601596,NA DWORZE: Czy dziecko mówi...,mowa,item_309
wiatr,5.01253457220085,-0.402236403288599,NA DWORZE: Czy dziecko mówi...,mowa,item_310
woda,4.30730044979601,1.95541086042977,NA DWORZE: Czy dziecko mówi...,mowa,item_311
ziemia,4.51640165838579,-1.26384064396822,NA DWORZE: Czy dziecko mówi...,mowa,item_312
apteka,3.54790708314827,-1.9995432986356,"MIEJSCA, GDZIE MOŻNA PÓJŚĆ: Czy dziecko mówi...",mowa,item_313
dom,4.11711456926153,2.93445926473126,"MIEJSCA, GDZIE MOŻNA PÓJŚĆ: Czy dziecko mówi...",mowa,item_314
góry,2.8424206810451,-1.73340904758432,"MIEJSCA, GDZIE MOŻNA PÓJŚĆ: Czy dziecko mówi...",mowa,item_315
kościół,3.38962637715641,-0.474284210029132,"MIEJSCA, GDZIE MOŻNA PÓJŚĆ: Czy dziecko mówi...",mowa,item_317
las,3.30209181938262,0.156095852882097,"MIEJSCA, GDZIE MOŻNA PÓJŚĆ: Czy dziecko mówi...",mowa,item_318
miasto,3.62306884424158,-1.72169763256122,"MIEJSCA, GDZIE MOŻNA PÓJŚĆ: Czy dziecko mówi...",mowa,item_319
morze,3.15127794264586,-1.13523113519446,"MIEJSCA, GDZIE MOŻNA PÓJŚĆ: Czy dziecko mówi...",mowa,item_320
poczta,3.3594443328348502,-2.28277560886711,"MIEJSCA, GDZIE MOŻNA PÓJŚĆ: Czy dziecko mówi...",mowa,item_323
podwórko,3.25608451105514,-0.769652078636938,"MIEJSCA, GDZIE MOŻNA PÓJŚĆ: Czy dziecko mówi...",mowa,item_324
praca,3.70924999007526,0.230871383141102,"MIEJSCA, GDZIE MOŻNA PÓJŚĆ: Czy dziecko mówi...",mowa,item_325
rzeka,3.77968434810495,-1.83947653346605,"MIEJSCA, GDZIE MOŻNA PÓJŚĆ: Czy dziecko mówi...",mowa,item_326
sklep,4.87075476488146,1.21815686123931,"MIEJSCA, GDZIE MOŻNA PÓJŚĆ: Czy dziecko mówi...",mowa,item_327
spacer,4.15707298845153,0.862790567333659,"MIEJSCA, GDZIE MOŻNA PÓJŚĆ: Czy dziecko mówi...",mowa,item_328
zoo,2.66111296049985,-0.961758769209671,"MIEJSCA, GDZIE MOŻNA PÓJŚĆ: Czy dziecko mówi...",mowa,item_330
babcia,2.45610814516585,4.41179811751115,OSOBY: Czy dziecko mówi...,mowa,item_331
brat,2.37690162018341,-0.68648774939999,OSOBY: Czy dziecko mówi...,mowa,item_332
chłopiec,4.37773335093412,0.29653487348659,OSOBY: Czy dziecko mówi...,mowa,item_333
ciocia,2.85789669756584,2.49471153919296,OSOBY: Czy dziecko mówi...,mowa,item_334
córeczka,3.58568329552884,-1.5095166900213,OSOBY: Czy dziecko mówi...,mowa,item_335
dzieci,3.2051968111145,1.86471006239524,OSOBY: Czy dziecko mówi...,mowa,item_339
dziewczynka,4.21331959382843,0.67670265551086894,OSOBY: Czy dziecko mówi...,mowa,item_340
fryzjer,4.0491589155863,-2.07626761356338,OSOBY: Czy dziecko mówi...,mowa,item_341
goście,4.29572538054295,-1.20599396536807,OSOBY: Czy dziecko mówi...,mowa,item_342
krasnoludek,4.02436817371062,-2.19174360504023,OSOBY: Czy dziecko mówi...,mowa,item_345
ksiądz,3.41621123116669,-1.74364556327761,OSOBY: Czy dziecko mówi...,mowa,item_347
ludzie,4.440648720776,-1.16183210368694,OSOBY: Czy dziecko mówi...,mowa,item_348
pan,3.19501394667179,2.51610505622623,OSOBY: Czy dziecko mówi...,mowa,item_350
pani,3.43375990087336,1.99873608913958,OSOBY: Czy dziecko mówi...,mowa,item_351
policjant,4.22930368522054,-1.44378243920654,OSOBY: Czy dziecko mówi...,mowa,item_352
siostra,2.8097721779475,-0.877135590077496,OSOBY: Czy dziecko mówi...,mowa,item_353
synek,3.66695448494002,-1.15795540144322,OSOBY: Czy dziecko mówi...,mowa,item_354
wujek,3.06499011177423,1.085844774883,OSOBY: Czy dziecko mówi...,mowa,item_357
cześć,2.09037410129229,1.93472273427186,"FORMUŁY, ZABAWY, RUTYNOWE CZYNNOŚCI: Czy dziecko mówi...",mowa,item_358
dobranoc,3.69741798654605,0.0117448095439194,"FORMUŁY, ZABAWY, RUTYNOWE CZYNNOŚCI: Czy dziecko mówi...",mowa,item_361
dziękuję,3.82386010337132,1.52119866600365,"FORMUŁY, ZABAWY, RUTYNOWE CZYNNOŚCI: Czy dziecko mówi...",mowa,item_362
proszę,3.76902391671634,1.33927697926664,"FORMUŁY, ZABAWY, RUTYNOWE CZYNNOŚCI: Czy dziecko mówi...",mowa,item_363
przepraszam,4.27948871202455,0.468672412553702,"FORMUŁY, ZABAWY, RUTYNOWE CZYNNOŚCI: Czy dziecko mówi...",mowa,item_364
halo,1.48253077230175,1.34714737877677,"FORMUŁY, ZABAWY, RUTYNOWE CZYNNOŚCI: Czy dziecko mówi...",mowa,item_365
tak,2.02601193596665,3.21816178956446,"FORMUŁY, ZABAWY, RUTYNOWE CZYNNOŚCI: Czy dziecko mówi...",mowa,item_367
nie,1.61457291612537,3.40389454944598,"FORMUŁY, ZABAWY, RUTYNOWE CZYNNOŚCI: Czy dziecko mówi...",mowa,item_368
śniadanie,4.41519092877954,-0.244005726084048,"FORMUŁY, ZABAWY, RUTYNOWE CZYNNOŚCI: Czy dziecko mówi...",mowa,item_369
obiad,4.48703527258955,0.339191880909685,"FORMUŁY, ZABAWY, RUTYNOWE CZYNNOŚCI: Czy dziecko mówi...",mowa,item_370
kolacja,4.38162387966892,-0.714239676956272,"FORMUŁY, ZABAWY, RUTYNOWE CZYNNOŚCI: Czy dziecko mówi...",mowa,item_371
kupka,2.71969051767434,1.85054656739815,"FORMUŁY, ZABAWY, RUTYNOWE CZYNNOŚCI: Czy dziecko mówi...",mowa,item_373
be,0.637189259130546,1.53733058192068,NAZWY CECH: PRZYMIOTNIKI: Czy dziecko mówi...,mowa,item_377
biały,4.03097891879997,-1.23081927672146,NAZWY CECH: PRZYMIOTNIKI: Czy dziecko mówi...,mowa,item_378
brudny,4.29122749091657,0.717135221989268,NAZWY CECH: PRZYMIOTNIKI: Czy dziecko mówi...,mowa,item_379
brzydki,4.09489758934989,-0.339625180025899,NAZWY CECH: PRZYMIOTNIKI: Czy dziecko mówi...,mowa,item_380
chory,5.57883215919867,0.271031450267174,NAZWY CECH: PRZYMIOTNIKI: Czy dziecko mówi...,mowa,item_382
ciepły,3.72534053002413,0.335187364967714,NAZWY CECH: PRZYMIOTNIKI: Czy dziecko mówi...,mowa,item_383
ciężki,4.70468837254011,-0.80638991712963,NAZWY CECH: PRZYMIOTNIKI: Czy dziecko mówi...,mowa,item_384
czarny,4.84517625304123,-1.77411945441407,NAZWY CECH: PRZYMIOTNIKI: Czy dziecko mówi...,mowa,item_385
czerwony,4.29541712744609,-1.42146491808993,NAZWY CECH: PRZYMIOTNIKI: Czy dziecko mówi...,mowa,item_386
czysty,5.16996135194923,0.0259169447861298,NAZWY CECH: PRZYMIOTNIKI: Czy dziecko mówi...,mowa,item_387
dobry,4.00893579100332,0.418242114214594,NAZWY CECH: PRZYMIOTNIKI: Czy dziecko mówi...,mowa,item_388
duży,4.27169220173978,1.17669166667104,NAZWY CECH: PRZYMIOTNIKI: Czy dziecko mówi...,mowa,item_389
głodny,4.82525251854573,-0.401287028711518,NAZWY CECH: PRZYMIOTNIKI: Czy dziecko mówi...,mowa,item_390
głupi,3.35190448579338,-1.45413235758205,NAZWY CECH: PRZYMIOTNIKI: Czy dziecko mówi...,mowa,item_391
kochany,4.13605998930021,-0.590219750242342,NAZWY CECH: PRZYMIOTNIKI: Czy dziecko mówi...,mowa,item_393
ładny,4.48449402960917,-0.0895316172019567,NAZWY CECH: PRZYMIOTNIKI: Czy dziecko mówi...,mowa,item_394
mały,4.35764827878795,0.741939717518935,NAZWY CECH: PRZYMIOTNIKI: Czy dziecko mówi...,mowa,item_395
mądry,4.35599115780963,-2.19108518022273,NAZWY CECH: PRZYMIOTNIKI: Czy dziecko mówi...,mowa,item_396
mokry,4.68022858361385,-0.13314001957369,NAZWY CECH: PRZYMIOTNIKI: Czy dziecko mówi...,mowa,item_397
nowy,4.40213834983243,-1.06010370761181,NAZWY CECH: PRZYMIOTNIKI: Czy dziecko mówi...,mowa,item_399
otwarty,4.62856396001337,-1.60970760559779,NAZWY CECH: PRZYMIOTNIKI: Czy dziecko mówi...,mowa,item_400
pyszny,3.41781680051489,-0.403806567177186,NAZWY CECH: PRZYMIOTNIKI: Czy dziecko mówi...,mowa,item_402
śpiący,3.27797766276985,-0.395917250236508,NAZWY CECH: PRZYMIOTNIKI: Czy dziecko mówi...,mowa,item_403
umyty,4.73818400729856,-0.675593026338401,NAZWY CECH: PRZYMIOTNIKI: Czy dziecko mówi...,mowa,item_404
zamknięty,4.81350964349203,-1.26232885686633,NAZWY CECH: PRZYMIOTNIKI: Czy dziecko mówi...,mowa,item_405
zdrowy,5.75343773342652,-1.12374180957836,NAZWY CECH: PRZYMIOTNIKI: Czy dziecko mówi...,mowa,item_406
zepsuty,4.21778162655545,-1.1324548251587,NAZWY CECH: PRZYMIOTNIKI: Czy dziecko mówi...,mowa,item_407
zimny,3.81434805220389,0.355710862493483,NAZWY CECH: PRZYMIOTNIKI: Czy dziecko mówi...,mowa,item_408
zmęczony,4.83903858351708,-1.17789671704814,NAZWY CECH: PRZYMIOTNIKI: Czy dziecko mówi...,mowa,item_409
brzydko,3.40217533372297,-0.374115014279566,NAZWY CECH: PRZYSŁÓWKI: Czy dziecko mówi...,mowa,item_411
cicho,2.63270090251112,1.42265626669624,NAZWY CECH: PRZYSŁÓWKI: Czy dziecko mówi...,mowa,item_412
ciemno,5.31868085428217,0.90470630136144,NAZWY CECH: PRZYSŁÓWKI: Czy dziecko mówi...,mowa,item_413
ciepło,4.5126574822416,0.477598991642644,NAZWY CECH: PRZYSŁÓWKI: Czy dziecko mówi...,mowa,item_414
dobrze,3.86585282555351,0.506702050230538,NAZWY CECH: PRZYSŁÓWKI: Czy dziecko mówi...,mowa,item_415
głośno,5.16262703221891,-0.452312910205004,NAZWY CECH: PRZYSŁÓWKI: Czy dziecko mówi...,mowa,item_416
ładnie,4.52617982309924,-0.330389324526204,NAZWY CECH: PRZYSŁÓWKI: Czy dziecko mówi...,mowa,item_418
mocno,4.65028220298202,-1.01885094752045,NAZWY CECH: PRZYSŁÓWKI: Czy dziecko mówi...,mowa,item_419
mokro,4.02436849002607,0.217818426364796,NAZWY CECH: PRZYSŁÓWKI: Czy dziecko mówi...,mowa,item_420
zimno,3.67952816556425,0.862661822675265,NAZWY CECH: PRZYSŁÓWKI: Czy dziecko mówi...,mowa,item_422
bić,3.05565955922673,-0.128307707687312,NAZWY CZYNNOŚCI: CZASOWNIKI: Czy dziecko mówi...,mowa,item_425
boleć,3.29283582110871,0.593951542918639,NAZWY CZYNNOŚCI: CZASOWNIKI: Czy dziecko mówi...,mowa,item_427
budować,5.4263265667046,-0.410192493491287,NAZWY CZYNNOŚCI: CZASOWNIKI: Czy dziecko mówi...,mowa,item_428
całować,4.08304210712741,-0.114148189332549,NAZWY CZYNNOŚCI: CZASOWNIKI: Czy dziecko mówi...,mowa,item_430
chcieć,3.33434308246521,0.189115563571771,NAZWY CZYNNOŚCI: CZASOWNIKI: Czy dziecko mówi...,mowa,item_431
ciąć,3.41090857882716,-1.72795610834079,NAZWY CZYNNOŚCI: CZASOWNIKI: Czy dziecko mówi...,mowa,item_433
czekać,4.9354797168663,-0.586972359039322,NAZWY CZYNNOŚCI: CZASOWNIKI: Czy dziecko mówi...,mowa,item_435
czesać,4.61349342136532,-0.2830063266767,NAZWY CZYNNOŚCI: CZASOWNIKI: Czy dziecko mówi...,mowa,item_436
czyścić,4.57610858535082,-1.59383979646786,NAZWY CZYNNOŚCI: CZASOWNIKI: Czy dziecko mówi...,mowa,item_437
czytać,4.74631468528294,0.606940956946311,NAZWY CZYNNOŚCI: CZASOWNIKI: Czy dziecko mówi...,mowa,item_438
dać,2.08099332641861,1.42336757810625,NAZWY CZYNNOŚCI: CZASOWNIKI: Czy dziecko mówi...,mowa,item_439
dmuchać,4.55557993618228,-0.425105340972696,NAZWY CZYNNOŚCI: CZASOWNIKI: Czy dziecko mówi...,mowa,item_440
dostać,5.18255031432643,-1.22117120369523,NAZWY CZYNNOŚCI: CZASOWNIKI: Czy dziecko mówi...,mowa,item_441
drapać,5.3058866105055,-1.70469788689611,NAZWY CZYNNOŚCI: CZASOWNIKI: Czy dziecko mówi...,mowa,item_442
dzwonić,4.41796094508324,0.6170137635252,NAZWY CZYNNOŚCI: CZASOWNIKI: Czy dziecko mówi...,mowa,item_443
gonić,4.2007586831599,-0.827019547255239,NAZWY CZYNNOŚCI: CZASOWNIKI: Czy dziecko mówi...,mowa,item_444
gotować,5.7150405995347,-0.446620618497691,NAZWY CZYNNOŚCI: CZASOWNIKI: Czy dziecko mówi...,mowa,item_445
grać,4.66221585726899,0.0136834416561038,NAZWY CZYNNOŚCI: CZASOWNIKI: Czy dziecko mówi...,mowa,item_446
gryźć,5.1775979465727,-1.07091260543582,NAZWY CZYNNOŚCI: CZASOWNIKI: Czy dziecko mówi...,mowa,item_447
jeść,2.78847167480715,1.80627016137598,NAZWY CZYNNOŚCI: CZASOWNIKI: Czy dziecko mówi...,mowa,item_451
kochać,4.38796320766327,0.356462636616306,NAZWY CZYNNOŚCI: CZASOWNIKI: Czy dziecko mówi...,mowa,item_454
kopać,4.51591125309958,-0.669978502815906,NAZWY CZYNNOŚCI: CZASOWNIKI: Czy dziecko mówi...,mowa,item_455
kupić,5.96844901086366,0.21446615702566,NAZWY CZYNNOŚCI: CZASOWNIKI: Czy dziecko mówi...,mowa,item_457
lać,3.40566916550762,-1.84910055920342,NAZWY CZYNNOŚCI: CZASOWNIKI: Czy dziecko mówi...,mowa,item_458
leżeć,5.63745951324465,-0.291107779940526,NAZWY CZYNNOŚCI: CZASOWNIKI: Czy dziecko mówi...,mowa,item_460
lubić,5.3130850887169,-0.492730300829641,NAZWY CZYNNOŚCI: CZASOWNIKI: Czy dziecko mówi...,mowa,item_461
malować,4.68351111572003,0.150174511306544,NAZWY CZYNNOŚCI: CZASOWNIKI: Czy dziecko mówi...,mowa,item_462
mieszkać,5.50891275047961,-2.19494507526642,NAZWY CZYNNOŚCI: CZASOWNIKI: Czy dziecko mówi...,mowa,item_464
myśleć,5.18966319847525,-2.86081552811626,NAZWY CZYNNOŚCI: CZASOWNIKI: Czy dziecko mówi...,mowa,item_469
opowiadać,5.21650424332908,-2.03856692182204,NAZWY CZYNNOŚCI: CZASOWNIKI: Czy dziecko mówi...,mowa,item_475
otworzyć,5.38077387348345,-0.522010640741545,NAZWY CZYNNOŚCI: CZASOWNIKI: Czy dziecko mówi...,mowa,item_476
pić,2.66718523390008,2.02817772995016,NAZWY CZYNNOŚCI: CZASOWNIKI: Czy dziecko mówi...,mowa,item_479
pisać,3.89319404744218,0.313375560294126,NAZWY CZYNNOŚCI: CZASOWNIKI: Czy dziecko mówi...,mowa,item_480
pluć,4.09667189569121,-2.02275259284853,NAZWY CZYNNOŚCI: CZASOWNIKI: Czy dziecko mówi...,mowa,item_481
płakać,4.99486807088199,0.504863397698883,NAZWY CZYNNOŚCI: CZASOWNIKI: Czy dziecko mówi...,mowa,item_482
pokazać,5.86159400094943,-1.33724638623511,NAZWY CZYNNOŚCI: CZASOWNIKI: Czy dziecko mówi...,mowa,item_484
pomóc,5.79935479182531,-1.191402477262,NAZWY CZYNNOŚCI: CZASOWNIKI: Czy dziecko mówi...,mowa,item_485
pożyczyć,4.91840937910253,-3.09442834679256,NAZWY CZYNNOŚCI: CZASOWNIKI: Czy dziecko mówi...,mowa,item_486
pracować,5.19849732689792,-1.17647131815538,NAZWY CZYNNOŚCI: CZASOWNIKI: Czy dziecko mówi...,mowa,item_487
prać,4.51173000126637,-0.888085252093755,NAZWY CZYNNOŚCI: CZASOWNIKI: Czy dziecko mówi...,mowa,item_488
prasować,4.73326983102664,-1.94423066596161,NAZWY CZYNNOŚCI: CZASOWNIKI: Czy dziecko mówi...,mowa,item_489
prosić,4.58658194359475,-0.484758699647355,NAZWY CZYNNOŚCI: CZASOWNIKI: Czy dziecko mówi...,mowa,item_490
przyjść,5.5357514830083,-1.28253499297406,NAZWY CZYNNOŚCI: CZASOWNIKI: Czy dziecko mówi...,mowa,item_491
przykryć,5.41221792933626,-1.25057227809832,NAZWY CZYNNOŚCI: CZASOWNIKI: Czy dziecko mówi...,mowa,item_492
przynieść,5.92656339716617,-1.31675047322314,NAZWY CZYNNOŚCI: CZASOWNIKI: Czy dziecko mówi...,mowa,item_493
puścić,4.36349377286131,-1.49831803435558,NAZWY CZYNNOŚCI: CZASOWNIKI: Czy dziecko mówi...,mowa,item_494
robić,5.28224304835566,-0.621193138764061,NAZWY CZYNNOŚCI: CZASOWNIKI: Czy dziecko mówi...,mowa,item_495
rozmawiać,5.90987514222922,-1.77802233916359,NAZWY CZYNNOŚCI: CZASOWNIKI: Czy dziecko mówi...,mowa,item_496
rysować,4.67244037972466,0.160200188487183,NAZWY CZYNNOŚCI: CZASOWNIKI: Czy dziecko mówi...,mowa,item_497
rzucać,4.87148759747437,-0.724788077781791,NAZWY CZYNNOŚCI: CZASOWNIKI: Czy dziecko mówi...,mowa,item_498
schować,6.18199985975103,-1.08670411340994,NAZWY CZYNNOŚCI: CZASOWNIKI: Czy dziecko mówi...,mowa,item_499
siedzieć,4.70286966859967,0.156160525677991,NAZWY CZYNNOŚCI: CZASOWNIKI: Czy dziecko mówi...,mowa,item_500
skakać,4.20758808858433,0.33747033074892,NAZWY CZYNNOŚCI: CZASOWNIKI: Czy dziecko mówi...,mowa,item_501
skończyć,5.4424150650747,-2.38722474426612,NAZWY CZYNNOŚCI: CZASOWNIKI: Czy dziecko mówi...,mowa,item_502
spać,3.01936246507918,1.96889474246246,NAZWY CZYNNOŚCI: CZASOWNIKI: Czy dziecko mówi...,mowa,item_504
sprzątać,5.8881701971698,0.00460399863036689,NAZWY CZYNNOŚCI: CZASOWNIKI: Czy dziecko mówi...,mowa,item_505
stać,4.64935115780875,-0.516508999812125,NAZWY CZYNNOŚCI: CZASOWNIKI: Czy dziecko mówi...,mowa,item_506
szukać,6.17671938348306,-0.647765094906653,NAZWY CZYNNOŚCI: CZASOWNIKI: Czy dziecko mówi...,mowa,item_508
szyć,4.16563714209526,-2.63979158757647,NAZWY CZYNNOŚCI: CZASOWNIKI: Czy dziecko mówi...,mowa,item_509
śpiewać,4.21592233441638,0.171069806493192,NAZWY CZYNNOŚCI: CZASOWNIKI: Czy dziecko mówi...,mowa,item_511
tańczyć,4.02849184577935,0.774601957156242,NAZWY CZYNNOŚCI: CZASOWNIKI: Czy dziecko mówi...,mowa,item_512
trzymać,5.86753695095062,-1.17723726393016,NAZWY CZYNNOŚCI: CZASOWNIKI: Czy dziecko mówi...,mowa,item_513
uciekać,5.80194135411969,-1.03314045354793,NAZWY CZYNNOŚCI: CZASOWNIKI: Czy dziecko mówi...,mowa,item_515
umieć,5.53538202359339,-1.71315152543918,NAZWY CZYNNOŚCI: CZASOWNIKI: Czy dziecko mówi...,mowa,item_517
wiązać,5.54177306801628,-2.8963722209029,NAZWY CZYNNOŚCI: CZASOWNIKI: Czy dziecko mówi...,mowa,item_521
wiedzieć,5.51218738633366,-2.42185246633583,NAZWY CZYNNOŚCI: CZASOWNIKI: Czy dziecko mówi...,mowa,item_523
wstawać,5.06697912885951,-0.789747656283292,NAZWY CZYNNOŚCI: CZASOWNIKI: Czy dziecko mówi...,mowa,item_525
wyrzucić,5.73242700016295,-0.8660682029038,NAZWY CZYNNOŚCI: CZASOWNIKI: Czy dziecko mówi...,mowa,item_526
wytrzeć,5.7666395355574,-1.28443293492061,NAZWY CZYNNOŚCI: CZASOWNIKI: Czy dziecko mówi...,mowa,item_527
zamiatać,5.24914597271112,-1.22903174916205,NAZWY CZYNNOŚCI: CZASOWNIKI: Czy dziecko mówi...,mowa,item_528
zamknąć,5.59456748647756,-0.457761219309894,NAZWY CZYNNOŚCI: CZASOWNIKI: Czy dziecko mówi...,mowa,item_529
zapiąć,5.53459413855134,-1.68701028881544,NAZWY CZYNNOŚCI: CZASOWNIKI: Czy dziecko mówi...,mowa,item_530
zepsuć,5.28368728724619,-0.704903067871763,NAZWY CZYNNOŚCI: CZASOWNIKI: Czy dziecko mówi...,mowa,item_533
zgubić,5.41608393326483,-1.54648944033562,NAZWY CZYNNOŚCI: CZASOWNIKI: Czy dziecko mówi...,mowa,item_534
złamać,5.78058811468861,-2.57903091561174,NAZWY CZYNNOŚCI: CZASOWNIKI: Czy dziecko mówi...,mowa,item_535
złapać,6.59625585058985,-2.06238691036469,NAZWY CZYNNOŚCI: CZASOWNIKI: Czy dziecko mówi...,mowa,item_536
znać,5.01321013078916,-2.60227054629642,NAZWY CZYNNOŚCI: CZASOWNIKI: Czy dziecko mówi...,mowa,item_538
znaleźć,6.71240473708054,-2.28491566464066,NAZWY CZYNNOŚCI: CZASOWNIKI: Czy dziecko mówi...,mowa,item_539
zostać,5.35105396046931,-1.86946444782815,NAZWY CZYNNOŚCI: CZASOWNIKI: Czy dziecko mówi...,mowa,item_540
tu,2.32120499091228,3.33061649809478,OKREŚLENIA MIEJSCA: Czy dziecko mówi...,mowa,item_546
tam,2.10048690051469,2.19630610324446,OKREŚLENIA MIEJSCA: Czy dziecko mówi...,mowa,item_547
tędy,2.5461640936634,-1.49576737688775,OKREŚLENIA MIEJSCA: Czy dziecko mówi...,mowa,item_548
stąd,3.55987080709377,-3.20322933852845,OKREŚLENIA MIEJSCA: Czy dziecko mówi...,mowa,item_549
daleko,5.2647280919335,0.190167562160612,OKREŚLENIA MIEJSCA: Czy dziecko mówi...,mowa,item_550
blisko,4.99795120531798,-1.2291017948459,OKREŚLENIA MIEJSCA: Czy dziecko mówi...,mowa,item_551
wysoko,4.13735678964298,0.435354598324144,OKREŚLENIA MIEJSCA: Czy dziecko mówi...,mowa,item_552
nisko,3.82525559842881,-1.114381592426,OKREŚLENIA MIEJSCA: Czy dziecko mówi...,mowa,item_553
gdzieś,2.9035642008739,-1.69301509483791,OKREŚLENIA MIEJSCA: Czy dziecko mówi...,mowa,item_559
nigdzie,3.15855091174107,-1.90997779035258,OKREŚLENIA MIEJSCA: Czy dziecko mówi...,mowa,item_560
wszędzie,3.98142654819145,-2.90101561113742,OKREŚLENIA MIEJSCA: Czy dziecko mówi...,mowa,item_561
teraz,3.48645092797808,0.0175254630571394,OKREŚLENIA CZASU: Czy dziecko mówi...,mowa,item_564
zaraz,3.15962852801565,-0.886283461418001,OKREŚLENIA CZASU: Czy dziecko mówi...,mowa,item_565
kiedyś,4.1196524922366,-3.25423520924204,OKREŚLENIA CZASU: Czy dziecko mówi...,mowa,item_568
nigdy,3.4084153486721,-2.63560717307835,OKREŚLENIA CZASU: Czy dziecko mówi...,mowa,item_569
zawsze,4.19957936699436,-3.12903906706012,OKREŚLENIA CZASU: Czy dziecko mówi...,mowa,item_570
czasem,3.93542517906064,-3.34207602481855,OKREŚLENIA CZASU: Czy dziecko mówi...,mowa,item_571
jutro,3.71482054252007,-0.590893961405048,"OKREŚLENIA CZASU (proszę zaznaczyć ‚Tak’, nawet jeśli dziecko używa tego określenia błędnie, np. „Jutro Jaś jadł lody.”):: Czy dziecko mówi...",mowa,item_573
wczoraj,4.09124639343529,-1.78226368685253,"OKREŚLENIA CZASU (proszę zaznaczyć ‚Tak’, nawet jeśli dziecko używa tego określenia błędnie, np. „Ciocia przyjdzie wczoraj”):: Czy dziecko mówi...",mowa,item_574
rano,3.82496406961684,-0.775823908782163,OKREŚLENIA CZASU: Czy dziecko mówi...,mowa,item_575
wieczorem,4.00614227795558,-1.87798442535568,OKREŚLENIA CZASU: Czy dziecko mówi...,mowa,item_576
dzień,4.05267332100133,-0.784130014848979,OKREŚLENIA CZASU: Czy dziecko mówi...,mowa,item_578
godzina,3.7893547240935,-2.10692435234832,OKREŚLENIA CZASU: Czy dziecko mówi...,mowa,item_579
dużo,4.6536018403383,2.00676343187007,OKREŚLENIA MIARY: Czy dziecko mówi...,mowa,item_580
mało,3.96795577849072,1.0764071552247,OKREŚLENIA MIARY: Czy dziecko mówi...,mowa,item_581
tyle,2.53265642708806,-1.10080676223401,OKREŚLENIA MIARY: Czy dziecko mówi...,mowa,item_583
więcej,4.49818922197177,-2.17268346992997,OKREŚLENIA MIARY: Czy dziecko mówi...,mowa,item_584
jeszcze,3.10383979314248,0.404907856800578,"OKREŚLENIA MIARY (w takich zdaniach jak np. „Jeszcze mleka!”, „Jeszcze jedną truskawkę mi daj!”):: Czy dziecko mówi...",mowa,item_585
inny,2.97544292383921,-1.01584066037924,OKREŚLENIA MIARY: Czy dziecko mówi...,mowa,item_587
drugi,3.10182773926135,-0.746703101665648,OKREŚLENIA MIARY: Czy dziecko mówi...,mowa,item_588
cały,3.94710238967554,-1.30059393396739,OKREŚLENIA MIARY: Czy dziecko mówi...,mowa,item_589
bardzo,4.48676614263051,-1.33108828540107,OKREŚLENIA MIARY: Czy dziecko mówi...,mowa,item_590
tylko,4.76682602694274,-2.34478923058311,OKREŚLENIA MIARY (w takich zdaniach jak np. „Zjem tylko serek”):: Czy dziecko mówi...,mowa,item_591
razem,4.36782779348865,-1.3685908189835,OKREŚLENIA MIARY: Czy dziecko mówi...,mowa,item_593
też,2.70939543745544,-0.962664470015849,OKREŚLENIA MIARY: Czy dziecko mówi...,mowa,item_594
każdy,4.21090770308309,-3.30676662638668,OKREŚLENIA MIARY: Czy dziecko mówi...,mowa,item_597
niektóry,3.73531731172313,-4.33798613369101,OKREŚLENIA MIARY: Czy dziecko mówi...,mowa,item_598
żaden,3.93332943526513,-3.63839912811607,OKREŚLENIA MIARY: Czy dziecko mówi...,mowa,item_599
się,2.72423134611528,-2.53061052069664,ZAIMKI OSOBOWE (KTO? KOGO? KOMU?): Czy dziecko mówi...,mowa,item_607
sobie,2.97825366246061,-3.16488647910343,ZAIMKI OSOBOWE (KTO? KOGO? KOMU?): Czy dziecko mówi...,mowa,item_608
mój,2.78199736081643,1.12587327078228,ZAIMKI DZIERŻAWCZE (CZYJ?): Czy dziecko mówi...,mowa,item_609
twój,3.32378347901207,-0.704532468871224,ZAIMKI DZIERŻAWCZE (CZYJ?): Czy dziecko mówi...,mowa,item_610
jego,2.89310503318899,-2.11761632076833,ZAIMKI DZIERŻAWCZE (CZYJ?): Czy dziecko mówi...,mowa,item_611
jej,2.77250633202664,-2.06908227567976,ZAIMKI DZIERŻAWCZE (CZYJ?): Czy dziecko mówi...,mowa,item_612
nasz,3.29974733152132,-1.60126691881057,ZAIMKI DZIERŻAWCZE (CZYJ?): Czy dziecko mówi...,mowa,item_613
wasz,3.32462105623136,-3.12379205414797,ZAIMKI DZIERŻAWCZE (CZYJ?): Czy dziecko mówi...,mowa,item_614
ich,3.23686822119919,-3.25404679925507,ZAIMKI DZIERŻAWCZE (CZYJ?): Czy dziecko mówi...,mowa,item_615
swój,3.13594712599435,-3.12600708520725,ZAIMKI DZIERŻAWCZE (CZYJ?): Czy dziecko mówi...,mowa,item_616
to,1.96972970399738,2.41085240294867,ZAIMKI WSKAZUJĄCE I NIEOKREŚLONE: Czy dziecko mówi...,mowa,item_617
coś,2.75739955189984,-0.819378516192521,ZAIMKI WSKAZUJĄCE I NIEOKREŚLONE: Czy dziecko mówi...,mowa,item_618
ktoś,3.12537867098603,-1.53756654882815,ZAIMKI WSKAZUJĄCE I NIEOKREŚLONE: Czy dziecko mówi...,mowa,item_619
nic,2.45850982796249,0.629029497404493,ZAIMKI WSKAZUJĄCE I NIEOKREŚLONE: Czy dziecko mówi...,mowa,item_620
nikt,3.65293479613387,-2.25055360546755,ZAIMKI WSKAZUJĄCE I NIEOKREŚLONE: Czy dziecko mówi...,mowa,item_621
ten,2.00404991237916,0.00292671954114237,ZAIMKI WSKAZUJĄCE I NIEOKREŚLONE: Czy dziecko mówi...,mowa,item_622
tamten,2.97869098121833,-2.07117702826591,ZAIMKI WSKAZUJĄCE I NIEOKREŚLONE: Czy dziecko mówi...,mowa,item_623
taki,2.91907476572582,-1.00214757600914,ZAIMKI WSKAZUJĄCE I NIEOKREŚLONE: Czy dziecko mówi...,mowa,item_624
jakiś,3.73989455528365,-2.96439748191134,ZAIMKI WSKAZUJĄCE I NIEOKREŚLONE: Czy dziecko mówi...,mowa,item_625
chyba,3.05419052640388,-1.36876916881613,PRZYSŁÓWKI MODALNE: Czy dziecko mówi...,mowa,item_639
może,3.23562476710918,-1.34848139020671,PRZYSŁÓWKI MODALNE: Czy dziecko mówi...,mowa,item_640
naprawdę,3.51196603336544,-2.31640645451183,PRZYSŁÓWKI MODALNE: Czy dziecko mówi...,mowa,item_642
pewnie,3.25261223430329,-2.95273427243946,PRZYSŁÓWKI MODALNE: Czy dziecko mówi...,mowa,item_643
przecież,3.58441143996193,-3.28203690236706,PRZYSŁÓWKI MODALNE: Czy dziecko mówi...,mowa,item_644
właśnie,3.36789906882966,-2.68057357917372,PRZYSŁÓWKI MODALNE: Czy dziecko mówi...,mowa,item_646
a,1.33790490726529,0.0463576687053701,SPÓJNIKI: Czy dziecko mówi...,mowa,item_662
albo,3.35507631539455,-2.15933785002504,SPÓJNIKI: Czy dziecko mówi...,mowa,item_663
ale,2.91248400792595,-1.32286161707089,SPÓJNIKI: Czy dziecko mówi...,mowa,item_664
bo,2.46570138486198,-0.841460480196745,SPÓJNIKI: Czy dziecko mówi...,mowa,item_665
i,2.02556451167718,0.0228486392417592,SPÓJNIKI: Czy dziecko mówi...,mowa,item_666
tylko,3.72230018975976,-2.09191792768125,"SPÓJNIKI (w takich zdaniach jak np. „To nie pies, tylko kot”):: Czy dziecko mówi...",mowa,item_668
że,3.19130088453638,-2.16358629020969,SPÓJNIKI: Czy dziecko mówi...,mowa,item_669
żeby,3.7751618653639,-3.15368524699528,SPÓJNIKI: Czy dziecko mówi...,mowa,item_670
